NIM;Kepulauan Asal Lahir;Jurusan Sekolah;Profil Sekolah;Jalur Pendaftaran;IPK1;IPK2;IPK3;IPK4;jumlah Matakuliah D/E/F;jumlah sks d/e/f;IPK 60 SKS;total sks semester 1-3;total SKS semester 1-4;Status
0504fdefa8a06c8f20611c9a4cfeeaa9;Jawa;SMA;SWASTA;TES;3.61;3.52;3.07;3.07;1;4;2.92;60;60;TIDAK SISIP
06e46cb47500d3028caa0126bb389781;Papua & Maluku;SMA;NEGERI;TES;2.94;2.85;2.82;2.79;0;0;3.02;60;82;TIDAK SISIP
073ea797a663643352574dbffec7bb4c;Jawa;SMA;NEGERI;TES;2.78;2.71;2.67;2.66;1;3;2.77;58;77;TIDAK SISIP
091f2a1bf2e76704d279f27ef2e357a1;Sumatera;SMA;NEGERI;RAPORT;3.17;3.28;3.18;3.14;0;0;3.33;60;79;TIDAK SISIP
092cc1ae4546e9a37c9e191f7929d8f9;Jawa;SMA;SWASTA;TES;3;3.03;2.98;2.96;0;0;3.08;58;79;TIDAK SISIP
0ba7ea712385ab1e5112c5121ff721e1;Sumatera;SMA;NEGERI;TES;3.39;3.42;3.27;3.33;0;0;3.48;60;79;TIDAK SISIP
0bf8043977a6cfe205835a890af8c3ba;Jawa;SMK;NEGERI;TES;3.56;3.58;3.67;3.62;0;0;3.78;60;79;TIDAK SISIP
0bfea50ecd75850706061576aa4f5568;Kalimantan;SMA;NEGERI;TES;3.72;3.87;3.91;3.89;0;0;3.85;58;79;TIDAK SISIP
0c09597da90719ad07540a50d6d078de;Papua & Maluku;SMA;NEGERI;RAPORT;2.73;2.78;2.79;2.97;0;0;3.16;58;79;TIDAK SISIP
0e3f406313b9980968a6f859ad43d17b;Kalimantan;SMA;NEGERI;RAPORT;3;2.88;2.95;3.13;0;0;3.32;60;79;TIDAK SISIP
0ef5dcbc51ed8063a33c5273fd911f0d;Kalimantan;SMA;SWASTA;TES;3.67;3.12;2.68;2.04;3;9;2.68;60;79;TIDAK SISIP
1075134b899af883dea85fcc17feb3b7;Jawa;SMA;NEGERI;TES;2.56;1.42;1.42;1.42;7;20;1.42;38;38;SISIP
12680bb4917f20b4c494e4b9e6cd0ba4;Jawa;SMA;SWASTA;RAPORT;2.72;2.92;2.87;2.86;0;0;3.05;61;80;TIDAK SISIP
13ec7c08810305434c881043a9257f5d;Jawa;SMA;SWASTA;TES;2.06;1.18;1.18;1.18;8;23;1.18;38;38;SISIP
16c530b3d9217fed68db987eb3183f5a;Sumatera;SMA;NEGERI;TES;3.69;3.71;3.81;3.77;0;0;3.79;60;79;TIDAK SISIP
1a799159d079c0cb80054f8739d9ef0a;Bali & NTT;SMA;SWASTA;TES;3.56;3.42;3.31;3.27;0;0;3.34;58;82;TIDAK SISIP
1a80902538d9eaa7b998b64cb8de3e18;Kalimantan;SMA;SWASTA;RAPORT;2.11;2.34;2.55;2.68;2;4;2.93;58;79;TIDAK SISIP
1bb402aadaccbb2ab1593af7b51789c4;Jawa;SMA;NEGERI;TES;3.17;2.78;2.73;2.42;2;6;2.85;60;79;TIDAK SISIP
1c3b12a0a47cfe8ddade65170a910afe;Jawa;SMK;NEGERI;RAPORT;2.83;2.7;2.7;2.7;1;2;2.70;40;40;SISIP
1ed2c4241d662e3ea0e9b9faa560b18e;Jawa;SMK;NEGERI;RAPORT;3.39;3.28;3.25;3.14;1;3;3.31;60;79;TIDAK SISIP
1fa8958b32c0a185133629c10ce95819;Sumatera;SMA;SWASTA;TES;2.5;2.21;1.76;1.36;8;23;1.72;58;77;SISIP
2161da6643db728bc56f38d25b0b3c93;Jawa;SMA;NEGERI;RAPORT;3.39;3.45;3.38;3.45;0;0;3.47;61;80;TIDAK SISIP
269766897f4cbcd35d6404e9aea07201;Jawa;SMK;NEGERI;TES;3.17;2.91;2.73;2.66;1;3;2.66;58;80;TIDAK SISIP
295c59f2a10a7443afef7a373d1ebc29;Kalimantan;SMA;NEGERI;TES;3.06;2.83;2.69;2.61;1;3;2.74;58;77;TIDAK SISIP
2ceb3ae3dd181e6c95272fc32c4517a7;Bali & NTT;SMA;NEGERI;TES;3.22;3;2.95;3.04;1;2;3.18;60;79;TIDAK SISIP
2dabb3032d14dec5ef1e74287cfde1f1;Bali & NTT;SMA;SWASTA;RAPORT;3.06;2.72;2.7;2.65;1;2;2.74;58;79;TIDAK SISIP
3304ecd3f60df4b1ec8ce603252b86ce;Kalimantan;SMA;SWASTA;TES;3.06;2.97;2.83;2.92;1;2;3.16;58;77;TIDAK SISIP
33e06aebec802a56dae06eb141408caf;Jawa;SMA;NEGERI;TES;3.72;3.7;3.8;3.85;0;0;3.95;60;79;TIDAK SISIP
347423d0cb8dbefb167c8414bf9a0b7c;Jawa;SMA;NEGERI;TES;3.17;3.25;3.43;3.46;0;0;3.58;60;79;TIDAK SISIP
38149c60d0da904e84aaec4f14813a55;Jawa;SMA;SWASTA;RAPORT;3.11;3.11;3.1;3.26;0;0;3.31;61;82;TIDAK SISIP
38f717f4c0d751ab92c76d8dbe416ce5;Jawa;SMA;NEGERI;TES;0.61;0.68;0.43;0.43;15;47;0.43;54;54;SISIP
3efa932b57195325581c85ae89b0f7cf;Jawa;SMA;NEGERI;TES;2.19;2.35;2.54;2.37;1;2;2.50;58;81;TIDAK SISIP
407ded7faa2c64c25da395af7f58fe85;Bali & NTT;SMA;NEGERI;TES;2.94;2.84;2.82;2.87;1;3;3.08;60;79;TIDAK SISIP
42d7610970c7485c3fdeed981ffce80c;Jawa;SMK;SWASTA;TES;2.61;2.81;2.91;2.78;1;3;3.00;60;79;TIDAK SISIP
4a1a9bff770c7314cab3590f167f347a;Kalimantan;SMA;NEGERI;RAPORT;2.5;2.58;2.55;2.42;1;4;2.65;60;79;TIDAK SISIP
4e4db6504d5b7414abee9a9c6146b1b2;Kalimantan;SMA;NEGERI;RAPORT;3.28;3.11;3.07;3.18;0;0;3.21;58;79;TIDAK SISIP
532e8ed927a861e7b405c1e5f3f0f2e4;Bali & NTT;SMA;SWASTA;RAPORT;3.89;3.79;3.86;3.9;0;0;3.94;58;77;TIDAK SISIP
5650f9c917539d4f55e11d8e5c1e5898;Jawa;SMA;NEGERI;RAPORT;3;2.84;2.93;3.08;0;0;3.08;58;79;TIDAK SISIP
579d49d028737cd21a67f79aeacdf77b;Jawa;SMA;SWASTA;TES;3.78;3.68;3.72;3.79;0;0;3.94;60;82;TIDAK SISIP
583e42e2b59e5ccfc10806b263bca378;Jawa;SMK;NEGERI;RAPORT;4;3.78;3.8;3.74;0;0;3.85;60;82;TIDAK SISIP
5d1fe0f367a24b4e44a344a6785082a7;Bali & NTT;SMK;SWASTA;TES;0.61;0.61;0.61;0.61;5;15;0.61;18;18;SISIP
5d2c64a09fca2dc46f8d704e7a9f48b4;Kalimantan;SMA;NEGERI;TES;2.53;2.31;2.31;2.31;9;30;1.26;58;74;SISIP
5ddd12a4eeff64864c3090307ee28beb;Bali & NTT;SMA;NEGERI;TES;2.78;2.67;2.66;2.78;1;2;2.93;58;79;TIDAK SISIP
5e2a82f07e8daf496597bcc353b44847;Kalimantan;SMA;NEGERI;RAPORT;1.94;2.27;2.25;2.45;4;12;2.66;58;79;TIDAK SISIP
5e2cc5df4c3a8fe3d42005409a7d3c81;Jawa;SMA;SWASTA;TES;3.44;3.45;3.37;3.42;0;0;3.48;60;79;TIDAK SISIP
5f3d8cefe3f8225a73a8dad0bc87ee3f;Kalimantan;SMA;NEGERI;RAPORT;2.39;2.45;2.38;2.43;2;5;2.62;58;77;TIDAK SISIP
62898b520eaf205f48b7a729881399a9;Jawa;SMA;NEGERI;RAPORT;3.83;3.58;3.24;3.16;0;0;3.47;58;79;TIDAK SISIP
685e6d16f0eb986646971b871d00e72d;Jawa;SMA;NEGERI;TES;3.81;3.71;3.66;3.69;1;2;3.68;60;79;TIDAK SISIP
6b3f3de7f52675322ef3b7c4e36cb537;Kalimantan;SMK;NEGERI;TES;0.5;0.5;0.5;0.5;5;15;0.50;18;18;SISIP
6e0b68bed6cdf7feda8b41707f85ec29;Jawa;SMA;NEGERI;RAPORT;2.72;2.68;2.55;2.55;0;0;2.69;58;77;TIDAK SISIP
6e78b211ff6eee2914bca6107740e938;Sumatera;SMA;SWASTA;RAPORT;1.22;0.68;0.68;0.68;9;26;0.68;38;38;SISIP
6ef1c7f247dc85052e8adb52ed536e9b;Sumatera;SMA;NEGERI;TES;3.17;2.82;2.95;3.05;1;3;3.23;60;79;TIDAK SISIP
71c72f559a6a54a143b777ec01319be8;Jawa;SMA;NEGERI;RAPORT;3.33;3.63;3.59;3.57;0;0;3.68;58;77;TIDAK SISIP
7241e5ac2302d34032b48acd12262020;Bali & NTT;SMA;NEGERI;TES;3.22;3.12;3.35;3.33;0;0;3.50;60;82;TIDAK SISIP
7771954db29148eb9ac7ef7b72564bff;Kalimantan;SMK;SWASTA;TES;0;0;0;0;11;34;0.00;38;38;SISIP
7880812cf1b154479bf468a7e8bb7215;Jawa;SMA;SWASTA;RAPORT;1.94;1.21;1.21;1.21;8;24;1.21;38;38;SISIP
788cabf2233bbc704df909590abb972c;Kalimantan;SMA;NEGERI;TES;3.17;3.08;3.21;3.24;0;0;3.26;60;79;TIDAK SISIP
812d60daa7c6e8b17cb95dd495013aed;Jawa;SMA;SWASTA;TES;3.11;3.05;2.91;2.81;1;2;3.02;58;79;TIDAK SISIP
81cd8ddf195c9889e57fbcfefa1b6d04;Bali & NTT;SMA;SWASTA;TES;2.39;2.59;2.67;2.49;4;10;2.65;60;79;TIDAK SISIP
82b093c095630d76e7e37172c6fc65c1;Jawa;SMA;SWASTA;TES;3.28;3.16;3.22;3.14;1;3;3.20;58;77;TIDAK SISIP
86f2b0814e9b209156e53c5e470357f3;Bali & NTT;SMA;NEGERI;TES;2.5;2.66;2.58;2.45;3;8;2.82;58;77;TIDAK SISIP
899b8ddbe1d0dd41117401b11818ba99;Jawa;SMA;NEGERI;RAPORT;3.39;3.34;3.17;3.19;0;0;3.37;58;79;TIDAK SISIP
8b9d0a5f47b7d487415d967a6e0ff14e;Sumatera;SMA;SWASTA;RAPORT;3.78;3.53;3.41;3.27;0;0;3.53;58;77;TIDAK SISIP
8c13fb2b2dc7797793ff4406b85bc638;Sumatera;SMA;SWASTA;RAPORT;3;3;2.87;2.92;2;6;3.08;58;80;TIDAK SISIP
8e1e7246d65a0829f5b034d4e2f33531;Jawa;SMA;NEGERI;TES;2.39;2.42;1.67;1.67;9;26;1.53;60;60;SISIP
92e2fcca51ebc6619cce5578e37d31a1;Jawa;SMA;SWASTA;TES;3.56;3.6;3.67;3.59;0;0;3.63;60;79;TIDAK SISIP
9561d243dc929cf30918eda16083c833;Jawa;SMA;NEGERI;TES;2.56;2.55;2.55;1.91;2;5;1.91;38;54;SISIP
96ee183d7dff06c50f99e1fbfdf7a5d9;Papua & Maluku;SMA;SWASTA;RAPORT;0.33;0.33;0.33;0.33;5;15;0.33;18;18;SISIP
976cd2000224c3e060e4ee286764d5f4;Bali & NTT;SMA;SWASTA;TES;0.94;1.11;0.72;0.72;14;45;0.72;58;58;SISIP
97e7327efacc96d0d4001fd6f10ba6ba;Jawa;SMA;NEGERI;TES;2.62;2.88;2.87;2.86;1;2;2.97;60;79;TIDAK SISIP
980c24b57164dd394d566787d2c5f244;Jawa;SMK;SWASTA;RAPORT;2.87;2.94;3.08;3.07;2;6;3.15;60;82;TIDAK SISIP
986cf0d4a02325d6bbc4add0a09abbb1;Papua & Maluku;SMA;NEGERI;RAPORT;1.89;1.37;0.9;0.9;12;41;0.90;58;58;SISIP
9b45289c0a09779d63efd1d8562a9678;Papua & Maluku;SMA;NEGERI;TES;1.22;1.26;1.31;0.99;11;33;1.25;58;77;SISIP
9b7d43cb7015efde118a3f7f83033eb8;Sulawesi;SMA;NEGERI;RAPORT;3.61;3.82;3.82;3.86;0;0;3.94;60;79;TIDAK SISIP
9c97bfa804f358d17ec42500a4e5d068;Jawa;SMA;SWASTA;TES;3.33;3.35;3.37;3.34;0;0;3.52;63;85;TIDAK SISIP
9d0b96fa8cff70f4a85f0d94efe37963;Jawa;HOMESCHOOLING;SWASTA;RAPORT;2.53;2.12;1.58;1.58;9;28;1.89;58;77;SISIP
9d0c7fb88de82805a89f45f9e7fbd780;Jawa;SMA;NEGERI;RAPORT;2.61;1.32;0.86;0.86;13;40;0.86;58;58;SISIP
9e9a2f21baedf658d9250f870c651b7b;Kalimantan;SMA;SWASTA;RAPORT;2.72;2.75;2.68;2.65;1;4;2.85;60;82;TIDAK SISIP
9f73c8243bdd39e0d46408294d91a42e;Sumatera;SMA;SWASTA;TES;2.83;2.92;2.83;2.82;1;2;2.98;58;77;TIDAK SISIP
9ff63e035c251181b1d4fd3323ceaa44;Sumatera;SMA;SWASTA;TES;3.17;3.15;3.02;2.89;0;0;3.11;60;79;TIDAK SISIP
a08c184ae13a60f974ff7023f6df3594;Jawa;SMA;NEGERI;RAPORT;3.72;3.66;3.67;3.73;0;0;3.89;61;82;TIDAK SISIP
a10e6f8d235ab9543701accfcf6a7a03;Jawa;SMA;NEGERI;RAPORT;3.22;3.27;3.12;3.1;2;5;3.34;60;79;TIDAK SISIP
a22609ed96c81ff1f6e84aa5b31911a0;Jawa;SMA;SWASTA;RAPORT;3;2.89;2.67;2.64;1;2;2.77;60;79;TIDAK SISIP
a5e08658dbba00e346df630a747e857d;Sumatera;SMK;NEGERI;RAPORT;2.5;2.58;2.8;2.86;3;8;3.21;58;77;TIDAK SISIP
a8e24c5e9fce7526c5a3e42535532de8;Jawa;SMA;SWASTA;RAPORT;3.17;3.18;3.18;3.3;0;0;3.37;60;79;TIDAK SISIP
a90db62f12752a527f306ec706315b64;Jawa;SMK;NEGERI;TES;0;0;0;0;5;15;0.00;18;18;SISIP
aa6dedd83ae760ca665296e2e41b26b3;Jawa;SMA;SWASTA;RAPORT;2.83;3.05;2.9;3.04;0;0;3.20;61;82;TIDAK SISIP
abc71fc160747f0659fee57e5058a568;Jawa;SMA;SWASTA;TES;2.89;2.82;2.52;2.54;2;6;2.83;58;77;TIDAK SISIP
ae2d5e91227a7a43c209f95b2d005132;Jawa;SMA;NEGERI;TES;3.72;3.62;3.53;3.48;0;0;3.62;60;79;TIDAK SISIP
b2ae224b2dfbf81cb8933e497c116397;Jawa;SMA;NEGERI;RAPORT;3.72;3.61;3.48;3.54;0;0;3.68;61;82;TIDAK SISIP
b761e6f88a5ef567c6e284c48bb93c1a;Kalimantan;SMA;NEGERI;TES;2.72;2.67;2.6;2.59;2;5;2.82;58;77;TIDAK SISIP
b76b219d6b1990dd8cb01d22245bb3b6;Jawa;SMA;SWASTA;RAPORT;3.17;3.05;3.02;3.22;0;0;3.40;60;79;TIDAK SISIP
b7fec611134d3aba08273cd84e70fc2b;Jawa;SMK;NEGERI;TES;3.22;3.32;3.13;3.14;0;0;3.34;60;82;TIDAK SISIP
ba7bc8648287fbb52117150fe6d129cb;Jawa;SMK;NEGERI;RAPORT;3.22;3;2.7;2.7;2;5;3.02;60;79;TIDAK SISIP
bc1ed4b118555d9440574ad6c5fae27d;Jawa;SMK;NEGERI;RAPORT;3.5;3.52;3.52;3.52;0;0;3.65;60;79;TIDAK SISIP
bc4f9fcf9a22b71571aa85e0f6fa64f1;Sulawesi;SMK;SWASTA;TES;3;2.86;3;2.9;1;3;3.05;58;77;TIDAK SISIP
be0d6e6a6ba4c97a081203f51efd7c11;Jawa;SMA;NEGERI;TES;3.83;3.68;3.73;3.73;0;0;3.81;60;82;TIDAK SISIP
bfc1da46680c4153f981a30468f63593;Sumatera;SMA;SWASTA;TES;2.83;2.95;2.97;2.9;3;8;3.33;60;79;TIDAK SISIP
c08dd37d3cb80ef9a172845b268a855d;Kalimantan;SMA;NEGERI;RAPORT;2.5;2.62;2.55;2.62;5;18;2.60;60;82;TIDAK SISIP
c2a8ce2fbd2afd8b8987005b3f950a49;Papua & Maluku;SMA;SWASTA;RAPORT;3.44;3.39;3.22;3.35;0;0;3.43;58;79;TIDAK SISIP
c38efc2d5d2726ee1995ad20ed7bd471;Bali & NTT;SMA;SWASTA;RAPORT;2.78;2.94;2.67;2.66;1;3;2.80;60;82;TIDAK SISIP
c4f6b1aec70f87c1e108b07857d37824;Papua & Maluku;SMA;SWASTA;TES;2.83;1.42;1.42;1.42;6;18;1.34;38;38;SISIP
c6e3c37154d1355718196254f6b35e59;Jawa;SMA;NEGERI;RAPORT;3.72;3.45;3.38;3.52;0;0;3.58;58;79;TIDAK SISIP
c9501947f1b4e92d9ad61cbd178dbf57;Jawa;SMA;SWASTA;RAPORT;3.72;3.52;3.43;3.37;0;0;3.39;60;79;TIDAK SISIP
cdeb0608c99b6c3107e636b3264aaa70;Jawa;SMA;NEGERI;TES;3.17;3.24;3.04;3.05;1;3;3.03;60;79;TIDAK SISIP
ceb717cbc911dab1307bedc4ff70c050;Jawa;SMA;SWASTA;RAPORT;3.22;2.97;3.09;3.16;0;0;3.39;58;77;TIDAK SISIP
cebfb9fe9699a60aaf4a2fa82e821219;Jawa;SMA;SWASTA;TES;2.89;3.05;2.98;3.01;0;0;3.15;58;79;TIDAK SISIP
d151a3c27d928c59d52b585cabf192d6;Sumatera;SMA;SWASTA;TES;2.75;2.81;2.74;2.77;1;2;2.92;56;75;TIDAK SISIP
d670891705aad78cf620bc5bede4ff6b;Kalimantan;SMA;SWASTA;RAPORT;2.94;2.45;2.26;1.7;3;11;2.15;58;77;TIDAK SISIP
d8875dc5e2d72180927666e5b74ac779;Jawa;SMA;NEGERI;RAPORT;2.83;3.13;3.07;3.14;0;0;3.18;58;79;TIDAK SISIP
d992bb91f20ce7011e79542dd683a281;Sumatera;SMA;SWASTA;RAPORT;3.06;3.06;3.06;3.06;1;2;3.06;18;18;SISIP
da5e4b4704f9af26c8e69877b9de0d10;Jawa;SMA;NEGERI;RAPORT;2.89;3.18;3.1;3.2;0;0;3.18;58;79;TIDAK SISIP
df76f2d628fae7f2c3580d020978ab9e;Jawa;SMA;NEGERI;TES;3.44;3.48;3.6;3.62;0;0;3.69;60;79;TIDAK SISIP
e1bfdb7ddc89a5ec24d58b3eb444346f;Bali & NTT;SMA;NEGERI;RAPORT;4;4;4;3.96;0;0;4.00;60;79;TIDAK SISIP
e503a16d137d8274d27c17972531c018;Sumatera;SMA;SWASTA;RAPORT;3;3.02;3.07;3.1;0;0;3.13;60;79;TIDAK SISIP
e5c81cf22455d3f16f4f584cecb186e3;Jawa;SMA;NEGERI;TES;3.28;3.34;3.22;3.34;0;0;3.40;58;77;TIDAK SISIP
e68b64f09fd5e8276cfa94b15cead249;Kalimantan;SMA;NEGERI;TES;2.67;2.5;2.41;2.49;5;12;2.66;58;77;TIDAK SISIP
e702c1fa40c17cac62048ce8f4e2a50b;Bali & NTT;SMA;NEGERI;RAPORT;3.33;3.29;3.24;3.2;0;0;3.40;58;79;TIDAK SISIP
e8f496ff915bd9e6e8ee6b412153decf;Bali & NTT;SMA;NEGERI;TES;3.28;3.03;3;3.04;0;0;3.20;60;79;TIDAK SISIP
e9ee613027b2288ec46ec5237c1524f9;Jawa;SMK;SWASTA;RAPORT;3.72;3.65;3.65;3.73;0;0;3.77;60;79;TIDAK SISIP
f151ac0ccf287f2b208ae20ead180d1b;Sumatera;SMA;SWASTA;RAPORT;2.5;2.61;2.4;2.59;0;0;2.67;58;79;TIDAK SISIP
f7c7e08c7c491953a6d6e9e72234b12c;Bali & NTT;SMA;SWASTA;TES;2.78;2.86;2.96;2.93;2;5;3.10;58;79;TIDAK SISIP
f7e1227e90895ac6aebe04f1adefed30;Sumatera;SMA;SWASTA;TES;3.11;2.97;3.05;3.04;2;6;3.34;60;79;TIDAK SISIP
fc07b7ce84a3d54fe7a8e8d34a7dcc63;Jawa;SMA;NEGERI;TES;3.56;3.42;3.4;3.22;0;0;3.48;58;79;TIDAK SISIP
ff7f3adcd7e58dacf0d929bc673ab3f2;Sumatera;SMA;NEGERI;RAPORT;3.11;2.76;2.53;1.91;2;6;2.41;58;80;TIDAK SISIP
02d59ba96f3356e3e6c02ac39cc9d680;Bali & NTT;SMA;SWASTA;TES;3.89;3.85;3.8;3.71;0;0;3.95;61;83;TIDAK SISIP
04584196e07a9ce479a3b1427b0cd6a5;Jawa;SMK;SWASTA;TES;0;0;0;0;4;13;0.00;18;18;SISIP
04eba92d0b5c40fc31557c3efd659b85;Jawa;SMA;SWASTA;RAPORT;2.39;2.41;2.24;2.31;3;10;2.59;60;80;TIDAK SISIP
0583f41ef65e4f6be535a2c81eeb3c69;Jawa;SMA;SWASTA;TES;2.69;2.75;2.7;2.75;1;2;2.85;61;79;TIDAK SISIP
0631a91e509b414260c6fde6fa121144;Kalimantan;SMA;SWASTA;RAPORT;3.5;3.39;3.36;3.47;1;2;3.67;61;79;TIDAK SISIP
07f97ba8419fab0f2ccf6846cc2904fb;Jawa;SMA;SWASTA;TES;3.78;3.5;3.56;3.53;0;0;3.79;60;82;TIDAK SISIP
0b1c7338cd410f0b45f4ddbdafa82aa6;Jawa;SMA;SWASTA;RAPORT;1.72;0.92;0.92;0.92;9;25;0.87;38;38;SISIP
0b8d7f639db73c7788573d5baecf8dcc;Sumatera;SMA;NEGERI;TES;3.33;3.25;3.35;3.33;0;0;3.50;60;82;TIDAK SISIP
0d7aeab124d15602d97fc53da8032983;Jawa;SMA;NEGERI;TES;0;0;0;0;6;18;0.00;18;18;SISIP
0f1ae77782ef57e29556ef18f1d8fd63;Jawa;SMA;NEGERI;TES;4;3.95;3.83;3.87;0;0;4.00;63;87;TIDAK SISIP
117529560b13dce115bd1dcfe48f4b19;Papua & Maluku;SMA;NEGERI;RAPORT;3.38;3.43;3.21;3.3;2;4;3.48;56;75;TIDAK SISIP
1176829cfa19ef584e9d60a9ab581063;Sumatera;SMA;NEGERI;TES;3.67;3.45;3.16;3.33;0;0;3.57;61;81;TIDAK SISIP
12119e2b728f7b782ab10811acaab32c;Lain-Lain;SMA;SWASTA;TES;3.78;3.61;3.44;3.52;0;0;3.74;61;83;TIDAK SISIP
1427a46183b6c8d1ddb516698747cf24;Sumatera;SMA;SWASTA;RAPORT;2.73;2.89;3.07;3.31;1;3;3.59;60;80;TIDAK SISIP
16381886ebc37c20138c50caa8a68e89;Sumatera;SMK;SWASTA;TES;3.06;3.11;3.14;3.35;0;0;3.52;58;81;TIDAK SISIP
1a3aa19fccdfeece29f40b86cb8c34dd;Jawa;SMK;NEGERI;RAPORT;3.17;3.47;3.5;3.52;0;0;3.77;58;80;TIDAK SISIP
1cb7a181d2098ba7ebbeb74d2dceef52;Jawa;SMA;NEGERI;TES;2.78;2.69;2.54;2.45;2;5;2.64;61;79;TIDAK SISIP
1d8e75fc24acd702120e7b8bd3bb9a64;Jawa;SMA;SWASTA;RAPORT;2.89;3.11;3.14;3.18;0;0;3.38;58;80;TIDAK SISIP
1dcd0e29e3e17d0143dae4a2b298d62e;Jawa;SMA;SWASTA;TES;2.56;2;1.54;1.54;8;24;1.54;54;54;SISIP
1eb2344d5586de0973a2bf125f9e9bb9;Jawa;SMK;SWASTA;RAPORT;3.44;3.37;3.41;3.51;0;0;3.69;58;81;TIDAK SISIP
1ef4e46a1f4024d76a1b26684cd38e8d;Jawa;SMA;SWASTA;TES;2.69;2.7;2.51;2.53;4;11;2.70;57;76;TIDAK SISIP
22da772cfd623c78b2c44747b5c2e8db;Kalimantan;SMA;NEGERI;RAPORT;2.88;2.88;2.67;2.81;2;4;2.98;59;80;TIDAK SISIP
261dda647a6bb478979f80f298b61534;Bali & NTT;SMA;NEGERI;TES;3.61;3.46;3.44;3.58;0;0;3.84;61;81;TIDAK SISIP
279eaaf7e4670b26a0e71bdca52eaedb;Jawa;SMA;NEGERI;TES;3.61;3.61;3.57;3.62;0;0;3.77;61;84;TIDAK SISIP
282cdbba848e0d7461bca563a6a78de2;Kalimantan;SMK;NEGERI;RAPORT;3.22;3.03;3.02;3.23;2;5;3.51;61;83;TIDAK SISIP
28445a283d347f8f4fb65be2c8d9032c;Jawa;SMA;NEGERI;TES;2.5;3.05;2.83;2.77;2;4;3.10;62;85;TIDAK SISIP
2967e19b3968c0480c2206b7a104e7a1;Kalimantan;SMA;NEGERI;TES;2.5;2.58;2.51;2.72;3;9;2.92;58;76;TIDAK SISIP
2eef8ff9cda3267b2597ea46ea2a1bf3;Jawa;SMA;SWASTA;RAPORT;2.93;2.81;2.72;2.79;2;6;3.03;60;80;TIDAK SISIP
2fa17160397e104cc13b9e70675bc8e1;Jawa;SMA;SWASTA;TES;2.44;2.64;2.47;2.4;2;5;2.44;58;78;TIDAK SISIP
2ffc3ff35df9242ec09ec545244b0ee2;Sumatera;SMA;NEGERI;RAPORT;3.72;3.69;3.69;3.73;0;0;3.77;63;85;TIDAK SISIP
3165ebab095d717b0728c3836d16f7c8;Jawa;SMK;NEGERI;TES;3.61;3.53;3.51;3.59;0;0;3.72;61;81;TIDAK SISIP
31d8b61dd7053015c3fd338fc1e355e7;Jawa;SMA;SWASTA;RAPORT;3.11;3.15;3.23;3.29;0;0;3.60;60;82;TIDAK SISIP
35b29daf0df803aacdf86b9d61b84e4f;Jawa;SMA;NEGERI;RAPORT;2.69;2.77;2.69;2.77;5;14;2.82;59;79;TIDAK SISIP
361f2ad04c5620af0903f722dbbd0b05;Kalimantan;SMA;SWASTA;TES;3.33;2.92;3.14;3.29;1;2;3.34;61;81;TIDAK SISIP
3b10e2506de22d8bc03e5cc5224668f3;Jawa;SMA;NEGERI;TES;3.78;3.78;3.75;3.74;0;0;3.90;61;81;TIDAK SISIP
3b9c5d953f3239002e111504e41bca61;Sulawesi;SMA;NEGERI;RAPORT;3.61;3.54;3.62;3.69;0;0;3.82;61;83;TIDAK SISIP
3bf0c2619359a4795388bbab449614fa;Papua & Maluku;SMA;NEGERI;TES;3.44;3.42;3.45;3.49;0;0;3.55;63;85;TIDAK SISIP
3c664dec130c6c04511222d3b9d3ed5d;Sumatera;SMA;SWASTA;RAPORT;2.75;2.44;2.27;2.28;4;8;2.40;58;77;TIDAK SISIP
3e2ec41f6f299427151307251220926b;Kalimantan;SMA;NEGERI;RAPORT;3.19;3.06;2.92;3.01;2;5;3.21;61;79;TIDAK SISIP
3fa83e4496c931eb29e8ce0f725906bf;Jawa;SMA;SWASTA;RAPORT;3.17;3.32;3.5;3.52;0;0;3.61;58;80;TIDAK SISIP
425225b8946d98668183f3900657f693;Sumatera;SMA;SWASTA;TES;0;0;0;0;6;18;0.00;18;18;SISIP
42b098a12004c16d164048046c9e82c4;Jawa;SMK;SWASTA;TES;3.11;3.24;3.26;3.39;1;3;3.56;61;79;TIDAK SISIP
459f4d6c0774af33550d9e319ed3e8de;Papua & Maluku;SMA;NEGERI;TES;4;3.88;3.87;3.87;0;0;4.00;61;84;TIDAK SISIP
466033fd71742c2073a86d881b9fbb44;Sulawesi;SMA;SWASTA;TES;2.21;2.16;1.98;2.08;8;21;2.28;56;75;TIDAK SISIP
46756675dae60734fa3230a3fc24a725;Sumatera;SMA;SWASTA;RAPORT;3.06;3.06;3.04;3.28;1;2;3.60;58;80;TIDAK SISIP
47df8906fb59a08f5700c54aceab0633;Kalimantan;SMK;SWASTA;RAPORT;1.83;2.28;2.41;2.47;4;11;2.87;58;80;TIDAK SISIP
4c774fa14a9c9d36cc9b57127f7dd7c7;Bali & NTT;SMA;NEGERI;RAPORT;3.78;3.5;3.55;3.68;0;0;3.82;58;81;TIDAK SISIP
4e26d7bb7163448c6f10137da63dd856;Bali & NTT;SMA;NEGERI;TES;1.94;1.24;0.98;0.98;13;40;0.98;55;55;SISIP
4fb7cd282dd20716aec293406270d1d8;Papua & Maluku;SMA;NEGERI;RAPORT;3.17;3.16;3.05;3.15;1;4;3.38;60;78;TIDAK SISIP
51ad2524aaaefb5dfa4dca79d3ba4f1e;Sumatera;SMA;NEGERI;RAPORT;1.78;1.78;1.78;1.78;3;10;1.78;18;18;SISIP
51fbdb0bc6e3fc242ea8f3dd99c4fd4a;Jawa;SMA;NEGERI;TES;2.21;2.56;2.76;3.03;4;9;3.18;56;75;TIDAK SISIP
52040dc0bdbdf729377e2d5e4c09bf61;Jawa;SMA;SWASTA;RAPORT;2.56;2.58;2.54;2.82;3;7;2.98;61;81;TIDAK SISIP
527b5d2ab8c18fa2ca1ef90856e10eb8;Papua & Maluku;SMA;SWASTA;RAPORT;2.19;1.68;1.52;1.4;10;28;1.58;56;74;SISIP
52cda05318a6bca877097932b4eb8de2;Jawa;SMA;SWASTA;RAPORT;3.72;3.6;3.58;3.59;0;0;3.68;60;82;TIDAK SISIP
5375f0791ae443b780ce7569944de41b;Bali & NTT;SMA;NEGERI;TES;0;0;0;0;6;18;0.00;18;18;SISIP
548595a5e33aaf6140954008f0790288;Jawa;SMA;SWASTA;RAPORT;2.69;2.76;2.73;2.76;5;14;2.97;57;76;TIDAK SISIP
54e238df4cf37e6a2a818e6960fb49d8;Sumatera;SMA;NEGERI;TES;2.78;2.98;2.81;2.78;1;3;3.10;63;81;TIDAK SISIP
58c36ed51144b539468c09a5c2e13ae4;Jawa;SMA;NEGERI;TES;3.44;3.19;3.05;3.05;1;2;3.30;61;81;TIDAK SISIP
58cc9c4ddd7daaa67b38d01ded672362;Jawa;SMA;SWASTA;TES;2.2;2.52;2.41;2.54;4;10;2.66;59;79;TIDAK SISIP
598d2c24fb237acb7d7dc8f102870462;Kalimantan;SMA;NEGERI;RAPORT;2.54;2.52;2.56;2.77;4;10;2.97;59;76;TIDAK SISIP
5a4e43c2799b0c9402635e70dc47fbe1;Bali & NTT;SMA;NEGERI;RAPORT;3.69;3.16;3.17;3.23;2;5;3.52;60;80;TIDAK SISIP
5a96462be9baafa98d75f8b0eaa16b03;Jawa;SMA;SWASTA;TES;2.83;2.83;2.75;2.97;2;4;3.25;58;80;TIDAK SISIP
5cee239b17b67d7442d21cc382740ee9;Jawa;SMK;SWASTA;RAPORT;3.06;3.2;3.1;3.14;2;6;3.23;64;84;TIDAK SISIP
60deb1f53a417d82c4cd6efab8dadff8;Jawa;SMK;SWASTA;RAPORT;2.69;2.43;2.37;2.36;7;21;2.43;59;79;TIDAK SISIP
6334be17adda4dcbb9af7518a8bd1f75;Jawa;SMA;SWASTA;TES;2.94;2.63;2.28;2.14;2;7;2.36;58;76;TIDAK SISIP
65cc3a8231251b8b569fe32f57a1b39a;Jawa;SMA;NEGERI;RAPORT;2.11;1.53;1.53;1.53;6;17;1.53;38;38;SISIP
69e2538d538b60db4222ee7e97d71673;Kalimantan;SMA;NEGERI;RAPORT;2.56;2.64;2.56;2.74;1;2;2.85;59;74;TIDAK SISIP
6c6277b52a3f7d6680d645058db5742f;Jawa;SMA;SWASTA;RAPORT;3.5;3.46;3.5;3.48;0;0;3.69;64;84;TIDAK SISIP
6d17e70ef481e465877c79bcbc94434c;Kalimantan;SMA;NEGERI;RAPORT;2.85;3.06;3.07;3.01;2;5;3.21;60;82;TIDAK SISIP
6f8db174a2610777f20c00032cef09ee;Jawa;SMA;SWASTA;RAPORT;0.13;0.13;0.13;0.13;5;15;0.11;18;18;SISIP
73398960564446527e5bcd394162036d;Jawa;SMA;NEGERI;RAPORT;2.85;2.85;2.94;3.03;4;11;3.15;58;78;TIDAK SISIP
7508cfa0f10efacc5808190b73896b96;Kalimantan;SMK;NEGERI;RAPORT;3.11;3.18;3.22;3.38;1;3;3.53;61;81;TIDAK SISIP
750f1693b9790f78623bb7d63095c242;Jawa;SMA;SWASTA;TES;1.39;0.74;0.74;0.74;9;23;0.74;34;34;SISIP
7a87f505f17722fd5b960c6503869c45;Bali & NTT;SMA;SWASTA;TES;3.06;2.79;2.62;2.78;3;8;2.84;56;73;TIDAK SISIP
7a9fc77605fa30ea0480c8a685ac3430;Jawa;SMA;NEGERI;RAPORT;2.33;2.18;1.43;1.43;8;25;1.38;60;60;SISIP
7b073bb4b996fad0abc029fc25f7a97f;Jawa;SMK;SWASTA;TES;3.44;2.98;3.05;3.15;0;0;3.43;60;82;TIDAK SISIP
7ba4ab01800ed087e109b791906373a0;Jawa;SMA;NEGERI;RAPORT;3.17;2.89;2.97;3.05;1;2;3.18;60;78;TIDAK SISIP
7c30e4a050f509103203ae149f33ea97;Kalimantan;SMA;NEGERI;TES;2.8;2.87;2.9;3.05;0;0;3.16;61;83;TIDAK SISIP
7eedff0e6038aff222caff4bdbca893f;Jawa;SMA;SWASTA;RAPORT;3.72;3.68;3.66;3.7;0;0;3.85;61;79;TIDAK SISIP
81eb84ba548b8f4f597797390cdfb156;Sulawesi;SMA;SWASTA;TES;1.79;1.69;1.52;1.47;10;27;1.47;54;72;SISIP
850891e13aa020ba61e5498064abf87f;Jawa;SMA;NEGERI;RAPORT;3.67;3.76;3.84;3.81;0;0;3.85;58;81;TIDAK SISIP
8732c2f2e641495f9e900a84aaad484e;Jawa;SMA;NEGERI;RAPORT;3.72;3.71;3.62;3.58;0;0;3.74;61;83;TIDAK SISIP
894a4e77bf3326a47e4f19a7235eaac6;Jawa;SMK;SWASTA;TES;3.06;3.21;3.12;3.21;0;0;3.39;61;79;TIDAK SISIP
89f7e8537f0ced0927e2c6f52a5e5f08;Papua & Maluku;SMA;SWASTA;RAPORT;2.8;2.64;2.44;2.52;2;5;2.82;59;79;TIDAK SISIP
8aeac2ef53c23e24005663f8fa420dc8;Jawa;SMA;NEGERI;RAPORT;0.4;0.18;0.15;0.15;18;51;0.11;57;57;SISIP
8bc2f4a89312f1ef5542b49af4867aa9;Jawa;SMA;SWASTA;RAPORT;2.78;2.92;2.93;3.06;0;0;3.27;61;79;TIDAK SISIP
8d93af4b1d5dbce0a4223b1f0437efe1;Sumatera;SMA;NEGERI;TES;2.94;2.92;3;3.14;0;0;3.37;58;78;TIDAK SISIP
8e87013f2c5e1b2d9fb14f2f690d9c54;Sulawesi;SMA;SWASTA;TES;3.44;3.62;3.7;3.74;0;0;3.94;63;85;TIDAK SISIP
90f616347fe0492017cd350c32691daf;Sumatera;SMA;SWASTA;RAPORT;2.6;2.57;2.65;2.94;3;9;3.18;61;81;TIDAK SISIP
944daf5aa4c16ca0c762afbf21528779;Papua & Maluku;SMA;SWASTA;RAPORT;1.13;0.91;0.83;0.7;14;44;0.75;58;75;SISIP
94a78cdc7f6b6ddf82d7a9a7f1e66897;Jawa;SMA;NEGERI;TES;2.73;2.77;2.98;3.14;2;6;3.28;61;83;TIDAK SISIP
971b0d07eb7d147008a4398458e6bc0f;Bali & NTT;SMA;SWASTA;TES;2.5;2.77;2.57;2.72;4;11;2.85;58;78;TIDAK SISIP
978444d14ff3ecd4b0f9a6cbbd5463d8;Kalimantan;SMA;NEGERI;RAPORT;2.43;2.41;2.21;2.4;5;13;2.67;59;76;TIDAK SISIP
98ea256880a5e3e461939f3a7bdd5e80;Jawa;SMA;SWASTA;TES;3.89;3.68;3.74;3.76;0;0;3.90;61;79;TIDAK SISIP
9a1ed14988f57a431c6ed0655fdbca33;Jawa;SMA;SWASTA;RAPORT;2.83;2.8;2.47;1.92;3;9;2.47;60;80;TIDAK SISIP
9a6af4a4af29cb8dfe712f553e71e2d4;Bali & NTT;SMA;NEGERI;TES;2.56;2.75;2.77;3;2;4;3.23;58;78;TIDAK SISIP
9a6f7ae2fba3c4e9e95d676f470f581f;Jawa;SMA;NEGERI;RAPORT;4;3.88;3.75;3.82;0;0;3.93;61;84;TIDAK SISIP
9d38cf7570758632d698fca4b9e398ca;Jawa;SMA;NEGERI;TES;3.83;3.85;3.85;3.85;0;0;3.90;61;81;TIDAK SISIP
9d4144a6e340fc9433ee6ac0dbb28225;Kalimantan;SMA;NEGERI;RAPORT;3.11;3.11;3.18;3.32;2;6;3.53;61;81;TIDAK SISIP
9d6de0eb770c3fccc10820f59d169136;Jawa;SMA;SWASTA;RAPORT;2.6;2.74;2.94;3.11;3;9;3.23;60;83;TIDAK SISIP
a40be65bf4dd3cbb389064129785d69d;Jawa;SMK;NEGERI;TES;4;3.82;3.73;3.66;0;0;3.81;60;82;TIDAK SISIP
a5aba4ad0ed6a61aa2e3533fe560597d;Kalimantan;SMA;NEGERI;RAPORT;3.5;3.33;3.15;3.31;3;8;3.63;58;82;TIDAK SISIP
a7e4a8336fb00f90a2684b9cdfc714c0;Kalimantan;SMA;SWASTA;TES;3.06;2.85;2.73;2.86;1;2;3.08;63;81;TIDAK SISIP
a89cb6fb5aa263515d5f68a3307c837c;Papua & Maluku;SMA;NEGERI;TES;3.5;3.66;3.68;3.77;0;0;4.00;63;87;TIDAK SISIP
aa419c26e95b1883f2988d2d85b6029d;Kalimantan;SMK;NEGERI;RAPORT;3;3.12;2.65;2.75;4;11;2.97;61;81;TIDAK SISIP
aacb6597fa1231ff3119a45d3a411e5b;Jawa;SMA;NEGERI;TES;3.72;3.35;3.05;3.02;1;3;3.11;60;82;TIDAK SISIP
ab5cde5b5adf8df149d9821b00d257a0;Papua & Maluku;SMA;NEGERI;TES;3.56;3.26;3.1;3.26;1;2;3.47;60;83;TIDAK SISIP
ac2dc8c5488b7dda725244d5e0ae9a6b;Jawa;SMA;SWASTA;TES;3.5;3.45;3.41;3.39;0;0;3.69;58;80;TIDAK SISIP
ad8c14a3f5e2e877bddd559190b65978;Sulawesi;SMA;SWASTA;TES;2.94;2.89;2.86;3.13;2;4;3.44;58;80;TIDAK SISIP
b067cafdb6f9a16cf0defe04d86a3bd9;Sumatera;SMA;SWASTA;TES;3.15;2.91;2.98;2.93;3;7;3.23;58;78;TIDAK SISIP
bd363719588776fe49babf8976c1ad13;Jawa;SMK;SWASTA;TES;3.67;3.61;3.64;3.62;0;0;3.85;58;80;TIDAK SISIP
bf7ca58b5b5c51040cb584ba386372b0;Kalimantan;SMA;SWASTA;RAPORT;2.77;2.74;2.84;3.04;5;13;3.29;61;78;TIDAK SISIP
c4f69e6325a40723ca97c46bb35fb9aa;Jawa;SMA;SWASTA;TES;0;0;0;0;4;13;0.00;18;18;SISIP
c9985894ec8159abdb5c8c70668dca0d;Jawa;SMA;NEGERI;TES;3.11;2.72;2.42;2.48;2;8;2.77;59;77;TIDAK SISIP
cc0a627b8bb6d5e1523ef501e34efdbf;Jawa;SMA;SWASTA;RAPORT;3.28;3.21;3.04;3.09;2;4;3.23;58;78;TIDAK SISIP
d0288212f59f0ecc200e3c9665c62b3e;Jawa;SMA;SWASTA;TES;3.28;3.33;3.05;3.01;2;5;3.30;64;84;TIDAK SISIP
d2417d967bb282582d1258e82c7fee57;Sumatera;SMA;NEGERI;TES;2.67;2.56;2.51;2.57;4;10;2.80;58;80;TIDAK SISIP
d554522536c313f18cdb5d55d5160a20;Papua & Maluku;SMA;NEGERI;RAPORT;2.94;3.14;2.81;2.74;2;6;3.03;60;78;TIDAK SISIP
d6fd505723794f6eca4b3665926a1138;Kalimantan;SMA;NEGERI;RAPORT;1.22;1.53;1.53;1.29;5;13;1.15;34;54;SISIP
d87bce4dfc319be749849a7026be1e76;Kalimantan;SMA;NEGERI;RAPORT;2.69;2.64;2.35;2.56;5;12;3.12;59;77;TIDAK SISIP
db7e208c9c7d797a16fd93053506861d;Jawa;SMA;NEGERI;TES;2.78;2.92;2.61;2.58;3;9;2.95;58;76;TIDAK SISIP
dda8ee9e22acba9af739e95648c55e6b;Kalimantan;SMA;NEGERI;RAPORT;2.67;2.71;1.97;2;7;21;2.52;62;79;TIDAK SISIP
deca8da564ad0bbaece6867ec9e84791;Papua & Maluku;SMA;SWASTA;RAPORT;3.31;3.03;2.96;2.96;3;8;3.10;61;78;TIDAK SISIP
e05da04ee5a580980c095eb9f0299945;Bali & NTT;SMA;SWASTA;TES;1.28;1.28;1.28;1.28;4;13;1.28;18;18;SISIP
e2d2294c2eecdf241b00667f11065728;Kalimantan;SMA;NEGERI;RAPORT;2.5;2.71;2.52;2.67;1;4;2.90;61;79;TIDAK SISIP
e2e505325beb3015a27a886d231f566c;Jawa;SMA;SWASTA;RAPORT;3.19;2.88;2.87;3.01;3;8;3.18;60;80;TIDAK SISIP
e31a3a25214eb3c5d997505495f89e03;Papua & Maluku;SMA;SWASTA;RAPORT;1.89;1.89;1.89;1.89;3;7;1.89;18;18;SISIP
e48f19660bc6877158f200211f44a702;Sumatera;SMA;NEGERI;RAPORT;2.61;2.91;3.21;3.35;1;3;3.52;61;81;TIDAK SISIP
e5b924a6280b66c81e5e682ffebe5d5e;Sumatera;SMA;NEGERI;TES;2.67;2.87;2.83;3.07;1;2;3.28;58;76;TIDAK SISIP
e6c9b81da86fd7a06c0b7bb7c3184bbe;Jawa;SMA;SWASTA;RAPORT;3.67;3.5;3.48;3.55;0;0;3.79;60;82;TIDAK SISIP
e77dbb56970d5ec27656b8243db2e85c;Jawa;SMA;SWASTA;RAPORT;3.61;3.42;3.28;3.27;0;0;3.52;58;78;TIDAK SISIP
e7c20be805eabddb853818ae84f591e8;Jawa;SMA;NEGERI;TES;3.5;3.37;3.43;3.51;0;0;3.71;61;83;TIDAK SISIP
e86078d9dfd7aaf3b20ad04ffb1fb346;Jawa;SMA;NEGERI;RAPORT;2.5;2.55;2.76;2.77;1;2;3.00;58;78;TIDAK SISIP
e860e513e269ff7888b8b688242b15ad;Bali & NTT;SMA;SWASTA;TES;4;4;3.95;3.9;0;0;4.00;64;86;TIDAK SISIP
e9a4b3112cb362c5f8b56abf467077dc;Sumatera;SMA;NEGERI;RAPORT;4;3.66;3.66;3.75;0;0;3.87;61;84;TIDAK SISIP
ec8343f484f3fa4fbbc43e7238b4c2b3;Jawa;SMA;SWASTA;RAPORT;2.46;2.27;2.19;2.39;7;19;2.43;59;79;TIDAK SISIP
ededd08d7cd48af9f06e63d4a3101b9f;Kalimantan;SMA;NEGERI;RAPORT;2.19;2.38;2.16;2.21;7;20;2.37;59;78;TIDAK SISIP
f197d92c35c5c94118e6bb983536e8a2;Jawa;SMK;SWASTA;TES;0;0;0;0;6;18;0.00;18;18;SISIP
f2a8b42879c5e21aa693033c3a35fbcb;Jawa;SMK;NEGERI;RAPORT;3.39;3.38;3.48;3.39;0;0;3.57;60;82;TIDAK SISIP
f5f16f4e50c6f1eeb8f1ea9327bf3b27;Sumatera;SMA;SWASTA;TES;2.73;3.16;3.14;3.25;0;0;3.28;60;80;TIDAK SISIP
f6db0501928e0da7426600a5b8509e0a;Jawa;SMA;SWASTA;RAPORT;3.89;3.89;3.83;3.8;0;0;3.90;58;80;TIDAK SISIP
f7cd8fd812cf3fc0cd938ce4bcdf1a05;Papua & Maluku;SMA;NEGERI;TES;3.08;2.64;2.45;2.31;4;10;2.45;57;77;TIDAK SISIP
fd5241b4878780ccf1848416ca3f6b47;Jawa;SMA;SWASTA;TES;3;3;3.05;3.12;0;0;3.31;60;82;TIDAK SISIP
fda6fcdcc8113e3411110b1aa5e5f1c2;Jawa;SMA;NEGERI;TES;3.89;3.66;3.72;3.79;0;0;4.00;61;81;TIDAK SISIP
fe3fa84c4e7765ec4177e44c60f6523a;Kalimantan;SMA;NEGERI;TES;3.67;3.5;3.64;3.68;0;0;3.84;61;79;TIDAK SISIP
fe99c421cb93cc7a1a0c2d3e8ef49b9e;Jawa;SMA;SWASTA;RAPORT;3.17;3.05;3.12;3.16;0;0;3.36;60;82;TIDAK SISIP
00e339cce615161404d76881c432a657;Jawa;SMA;NEGERI;TES;3.72;3.82;3.89;3.92;0;0;4.00;63;85;TIDAK SISIP
0480165405357736129eefb105a4c8ed;Sumatera;SMA;SWASTA;TES;4;3.82;3.81;3.82;0;0;3.95;62;84;TIDAK SISIP
05d3fda0c7770dfead3c9c5f86f725fa;Jawa;SMA;SWASTA;TES;3.33;3.55;3.33;3.01;0;0;3.26;58;78;TIDAK SISIP
061ff1f7673994311d97807b7758b850;Sumatera;SMA;NEGERI;TES;2.89;3.2;3.13;2.88;0;0;3.27;62;83;TIDAK SISIP
09ae19a35ed6ccac4944e409c9869341;Jawa;SMA;SWASTA;TES;2.89;3.26;3.08;3.07;1;2;3.27;63;83;TIDAK SISIP
0b1715fdab49e5e0a5104264cf049b5d;Papua & Maluku;SMA;NEGERI;RAPORT;3.28;3.3;3.38;3.38;0;0;3.43;60;82;TIDAK SISIP
0b916ab3f83295ff1063466828a1288a;Kalimantan;SMA;NEGERI;TES;3.5;3.52;3.48;3.6;0;0;3.89;60;80;TIDAK SISIP
0bb477fe9fe8c23464b4704560e32b50;Jawa;SMK;SWASTA;RAPORT;2.89;3.32;3.5;3.53;0;0;3.62;64;87;TIDAK SISIP
0c5aee64c3be13e9d324e50d6f1d5fb0;Sumatera;SMA;SWASTA;TES;2.61;3.12;2.81;2.8;2;8;3.00;63;78;TIDAK SISIP
0c657cd38d4c15774746691eac0b7935;Sumatera;SMA;NEGERI;TES;2.56;3.05;3.15;3.21;0;0;3.55;62;82;TIDAK SISIP
0d6ec14265a2fb9b9d5bdd24e661babf;Sumatera;SMA;NEGERI;TES;3.61;3.78;3.77;3.76;0;0;3.90;64;88;TIDAK SISIP
0f1104754c6af5d7aa95c27df292855f;Jawa;SMA;SWASTA;RAPORT;3.22;3.45;3.23;3.26;1;3;3.60;60;80;TIDAK SISIP
0f1b9866bb731e1164248aaedb40224c;Jawa;SMA;NEGERI;TES;3.83;3.92;3.87;3.82;0;0;3.89;62;84;TIDAK SISIP
10054a251632490681cf31f6d2ba8d5b;Bali & NTT;SMA;SWASTA;TES;2.39;2.85;2.82;2.78;1;3;3.05;62;84;TIDAK SISIP
1051a536468e240e0af36541c3b09232;Sulawesi;SMA;NEGERI;TES;0;0;0;0;5;15;0.00;18;18;SISIP
112acc1340644675cf68430cf119de5b;Jawa;SMA;SWASTA;RAPORT;3.83;3.92;3.77;3.79;0;0;3.90;60;82;TIDAK SISIP
124233feb2c6933a78d6ee41a51f6792;Sumatera;SMA;NEGERI;TES;3.56;3.55;3.4;3.35;0;0;3.47;62;83;TIDAK SISIP
1442553b9325d44d147828f8e400b838;Jawa;SMA;NEGERI;TES;3.56;3.7;3.72;3.72;0;0;3.80;64;85;TIDAK SISIP
15062a54d2241367313a9904b95dc432;Jawa;SMA;NEGERI;TES;2.89;3.16;3.03;2.72;0;0;3.15;60;82;TIDAK SISIP
15c1977638b2405002eec62e5783c044;Kalimantan;SMA;SWASTA;TES;3.17;3.5;3.63;3.55;0;0;3.71;63;87;TIDAK SISIP
167409dd7b9cd57932b1fb69ca3bc48e;Kalimantan;SMA;NEGERI;TES;3.61;3.72;3.67;3.68;0;0;3.80;60;80;TIDAK SISIP
17535b3093a179f65466faa11eec5bc8;Bali & NTT;SMA;NEGERI;TES;0.33;0.33;0.33;0.33;5;15;0.33;18;18;SISIP
18e303f2126903760c3fd639f23fe6b3;Sulawesi;SMA;NEGERI;RAPORT;3.44;3.38;3.43;3.38;0;0;3.46;63;85;TIDAK SISIP
1e3ce11ffa72c66a1d0d6a31b4d5671f;Bali & NTT;SMA;SWASTA;TES;3.06;3.35;3.15;3.16;1;3;3.38;60;80;TIDAK SISIP
1e4c650e113368cc31064476455e392a;Jawa;SMA;SWASTA;TES;3.33;3.67;3.64;3.67;0;0;3.80;60;83;TIDAK SISIP
1fca3266a9f6a2aa7cb8531197d0a0b5;Bali & NTT;SMA;SWASTA;RAPORT;2.89;3.08;2.65;2.77;1;3;3.00;60;80;TIDAK SISIP
1ff335456cbd26d00a5356d504a953be;Sulawesi;SMA;SWASTA;TES;2.61;2.78;2.66;2.48;1;2;2.85;62;83;TIDAK SISIP
20fe38a8b43ceadab46551ec3eeda783;Bali & NTT;SMA;NEGERI;TES;2.67;3.05;3.11;3.08;0;0;3.31;64;88;TIDAK SISIP
2195125a688300d4ddec5d982ac352ed;Kalimantan;SMA;NEGERI;RAPORT;3.39;3.52;3.47;3.49;0;0;3.75;62;84;TIDAK SISIP
230d584b7ccb29940ee915966ef2ab84;Sumatera;SMA;SWASTA;TES;1.44;1.38;1.38;1.38;5;13;1.38;34;34;SISIP
24747c980ebd5c42e3bed771ede841f8;Jawa;SMA;SWASTA;RAPORT;2.89;3.38;3.53;3.55;0;0;3.66;60;84;TIDAK SISIP
24ebff9089af94c16529e8d15327adfb;Jawa;SMA;NEGERI;TES;3.06;3.38;3.19;3.21;0;0;3.44;62;84;TIDAK SISIP
289027f8ece349e014835563d409290b;Jawa;SMA;NEGERI;TES;3.33;3.6;3.42;3.38;0;0;3.52;64;88;TIDAK SISIP
293b1657aee35a45530417f8c6a9a479;Kalimantan;SMA;NEGERI;RAPORT;3.33;3.48;3.5;3.49;0;0;3.65;60;84;TIDAK SISIP
29c7d9f8d13a899f35a2856a8b720d49;Kalimantan;SMA;NEGERI;RAPORT;2.89;3.18;3.29;3.34;0;0;3.44;63;85;TIDAK SISIP
2f006dc802c0ce4c184ff14428ceb6aa;Bali & NTT;SMA;SWASTA;TES;0.33;0.33;0.33;0.33;5;15;0.33;18;18;SISIP
2f9f09f0af79c1a3174de6b8dae0ff7d;Jawa;SMK;NEGERI;TES;1.69;1.61;1.67;1.56;11;30;1.98;56;76;SISIP
30e8d92cb7b41acd15efd38cf55bba62;Kalimantan;SMA;SWASTA;RAPORT;0.17;0.17;0.17;0.17;6;18;0.17;18;18;SISIP
322843db2646a4597adc157c24c8b853;Sumatera;SMA;SWASTA;TES;3.31;3.26;3.3;3.16;1;2;3.27;58;82;TIDAK SISIP
32a24941f7de7c235f6d4eb03293d035;Bali & NTT;SMA;NEGERI;TES;2.94;2.98;2.97;2.93;2;5;3.33;63;85;TIDAK SISIP
3428115d1f0dcd50a885e0b3bc2a68b8;Jawa;SMA;NEGERI;TES;2.17;2.49;2.59;2.55;2;5;2.69;62;82;TIDAK SISIP
353507396da5f20b250b2ad5d195b344;Kalimantan;SMA;SWASTA;TES;2.39;2.71;2.74;2.72;2;5;2.98;58;76;TIDAK SISIP
3754ade659a3d96ee5f4f3ae2072ff43;Kalimantan;SMA;NEGERI;TES;2.44;2.85;3.02;3;0;0;3.17;63;86;TIDAK SISIP
379a220a1626ebd1fcfb632f0de56d29;Bali & NTT;SMA;SWASTA;TES;0;0;0;0;5;15;0.00;18;18;SISIP
37aa60f30f1ad56cfc7ae61effb3534b;Papua & Maluku;SMA;NEGERI;RAPORT;2.67;2.89;2.53;2.35;2;5;2.65;58;80;TIDAK SISIP
38933bb6f11808e8fabcd40eb3715bd4;Jawa;SMA;NEGERI;RAPORT;0.33;0.33;0.33;0.33;5;15;0.33;18;18;SISIP
3acf8e8c358ad29352ddb284af781c2b;Bali & NTT;SMA;NEGERI;TES;2.67;2.72;2.84;2.88;3;10;2.95;60;78;TIDAK SISIP
3c85ddd65621583a0895521481e11052;Jawa;SMA;NEGERI;TES;2.83;3.18;3.28;3.3;0;0;3.47;60;83;TIDAK SISIP
3d3f80c7098147459c669d2811a9558f;Kalimantan;SMA;SWASTA;TES;2.89;3.34;3.25;3.29;0;0;3.49;63;87;TIDAK SISIP
3da5a00c493b9aeafa1d1e229673518b;Sumatera;SMA;NEGERI;TES;3.67;3.65;3.72;3.52;0;0;3.55;60;82;TIDAK SISIP
3df1fe194bfba52c936a0489466b61df;Jawa;SMK;SWASTA;RAPORT;3.11;3.26;3.3;3.36;1;3;3.61;60;83;TIDAK SISIP
3e1131e8c159a20afb3b7e84cb2d8d56;Jawa;SMA;NEGERI;TES;2.38;2.62;2.69;2.63;1;2;2.74;58;75;TIDAK SISIP
3ef2972e45affd0a82ee329061ae7684;Papua & Maluku;SMK;SWASTA;RAPORT;1.2;0.79;0.72;0.78;11;35;0.92;55;74;SISIP
40e8d4528397cd1ad0517957cdaa6c6b;Kalimantan;SMA;NEGERI;TES;2.83;3;2.53;2.44;6;16;2.92;62;82;TIDAK SISIP
430e0ca2ab435462a6e2688310147101;Jawa;SMA;SWASTA;RAPORT;3.56;3.75;3.7;3.7;0;0;3.75;64;82;TIDAK SISIP
44989e0432e60f98a1839ed703060b21;Jawa;SMA;NEGERI;TES;3.44;3.55;3.59;3.59;0;0;3.80;64;85;TIDAK SISIP
4589ff117ca4a34ff41a656fe5577c86;Sulawesi;SMA;NEGERI;TES;2.83;3.18;3.34;3.27;0;0;3.47;62;85;TIDAK SISIP
46ae24f79629433e44d61af79ba5abdf;Jawa;SMA;SWASTA;TES;1.83;1.08;1.08;1.08;7;21;1.08;38;38;SISIP
4732575a5809e1591ce033532feeda81;Jawa;SMA;NEGERI;TES;2.72;2.8;3.05;3.14;0;0;3.40;60;80;TIDAK SISIP
47a68f883c0b2f9cfdf72c89910ded44;Bali & NTT;SMA;NEGERI;TES;3.83;3.82;3.77;3.77;0;0;3.85;64;64;TIDAK SISIP
47c1e1270dc320b8e52ef2322a8c720a;Sulawesi;SMA;SWASTA;TES;3.17;2.68;1.82;1.82;8;25;1.69;54;54;SISIP
49bb1a8432037185d2ab23cda72b4b9c;Bali & NTT;SMA;SWASTA;TES;2.89;3.22;3.03;2.99;0;0;3.20;62;84;TIDAK SISIP
4c31aeee4db05efaf8d3343cfda3c920;Kalimantan;SMA;NEGERI;RAPORT;3.89;3.71;3.69;3.62;0;0;3.77;58;78;TIDAK SISIP
4c7f31e61a3175f1fb4cd68c1ed613c2;Jawa;SMA;SWASTA;TES;3;3.15;3.1;3.1;0;0;3.49;62;82;TIDAK SISIP
4c9d7327f6a74cd597f69149cf3c580f;Jawa;SMA;SWASTA;TES;2.33;2.53;2.82;2.88;2;4;3.25;62;84;TIDAK SISIP
4ec4ec083dcd5baa241ae46c6f4eedcf;Bali & NTT;SMK;SWASTA;TES;3.06;3.32;3.26;3.28;0;0;3.34;62;83;TIDAK SISIP
504afe4182896382ea6300e8427b0808;Kalimantan;SMA;SWASTA;TES;3;3.12;2.67;2.62;7;20;2.75;59;79;TIDAK SISIP
53b9b22a206177495e5d82ac2e9c850a;Kalimantan;SMA;SWASTA;TES;0.67;0.3;0.24;0.24;20;51;0.18;56;56;SISIP
56ebd02487070bce72637fc3f953c281;Bali & NTT;SMA;SWASTA;TES;2.22;2.62;2.71;2.74;2;8;3.10;62;83;TIDAK SISIP
58ac984d180018a19923a7f563af8d10;Jawa;SMA;NEGERI;RAPORT;3.5;3.66;3.63;3.58;0;0;3.78;60;82;TIDAK SISIP
5a0e89634bb8fe882bc3c7adbbfca795;Jawa;SMA;NEGERI;RAPORT;3.61;3.76;3.75;3.76;0;0;3.90;60;84;TIDAK SISIP
5b9367af87bab81603eaeb959fc07396;Jawa;SMA;NEGERI;TES;3.39;3.72;3.73;3.76;0;0;3.80;63;85;TIDAK SISIP
5f1d93e0834d74c39d9a75d8bad0a425;Bali & NTT;SMA;NEGERI;TES;2.56;2.58;2.76;2.85;2;5;3.13;60;83;TIDAK SISIP
5f4cfd340ee6a7382b3445be908cf03a;Jawa;SMK;NEGERI;TES;3.06;3.06;3.06;3.16;0;0;3.16;18;38;SISIP
5f6f38ba4be55c2091283c7584259378;Sumatera;SMA;NEGERI;TES;3.28;3.6;3.66;3.7;0;0;3.76;62;84;TIDAK SISIP
60037e47e02d337174977d44a80fb5a1;Kalimantan;SMA;SWASTA;TES;1.72;1.03;1.03;1.03;9;26;1.03;38;38;SISIP
60cfb75ee6f516c0fddcf475405d304a;Sumatera;SMA;NEGERI;TES;3.11;3.32;3.44;3.46;0;0;3.57;62;82;TIDAK SISIP
610fa14e2fce85d2a981e1b9c6db3176;Kalimantan;SMA;SWASTA;TES;3.44;3.48;3.48;3.38;0;0;3.69;62;84;TIDAK SISIP
68ec4048f7ad6d7616726688c6edc00d;Kalimantan;SMA;NEGERI;TES;2.28;2.22;1.67;1.41;7;20;1.74;60;77;SISIP
698f66c8f24fececefe799f208100f6b;Bali & NTT;SMA;NEGERI;TES;2.72;3;2.84;2.85;0;0;3.18;64;85;TIDAK SISIP
6b6e517f81e94ab45a759ae52f3a421a;Jawa;SMA;NEGERI;RAPORT;3.39;3.45;2.97;2.3;1;3;3.05;60;82;TIDAK SISIP
6e4c23bccdd8d60a797634355de6e25a;Jawa;SMA;NEGERI;TES;2.67;2.82;2.03;1.72;6;20;2.26;62;80;TIDAK SISIP
728434fe7bbad92069166cf109cb7513;Jawa;SMA;SWASTA;RAPORT;3.72;3.82;3.89;3.76;0;0;3.90;63;87;TIDAK SISIP
797eac51f6ff488fcaa2ce6423725c13;Sulawesi;SMA;NEGERI;TES;2.53;2.89;2.59;2.44;3;8;2.70;60;78;TIDAK SISIP
7acd7daef7a47084ee8fcf5901e8f256;Kalimantan;SMA;NEGERI;TES;2.61;2.89;2.83;2.72;1;2;2.85;62;84;TIDAK SISIP
7d68de188b75302d436fb4ed0be45a9c;Bali & NTT;SMA;NEGERI;TES;2.61;3.2;3.06;3;0;0;3.25;62;82;TIDAK SISIP
80b47646d3514fb0c25f53da5ecc6551;Bali & NTT;SMA;NEGERI;TES;1.94;1.09;1.09;1.09;6;19;1.03;34;34;SISIP
8138ee428c5bd919d50b988e5af1bb61;Bali & NTT;SMA;NEGERI;TES;3.33;3.34;3.49;3.48;0;0;3.67;61;81;TIDAK SISIP
83378b7e0f60e2c24c5e97ee97f8b279;Kalimantan;SMA;SWASTA;TES;2.33;1.47;1.47;1.47;6;16;1.47;36;36;SISIP
863043d68f6cf308082027999c61e1b5;Jawa;SMA;SWASTA;TES;3.28;3.58;3.5;3.55;0;0;3.85;62;85;TIDAK SISIP
8779c9ae40966b5fe6472c057ee467a8;Jawa;SMA;NEGERI;TES;3.33;3.47;3.61;3.58;1;2;3.68;58;76;TIDAK SISIP
8872b2f1cce5e421a3a74288c9485dbf;Bali & NTT;SMA;SWASTA;TES;3.67;3.8;3.84;3.8;0;0;3.85;62;82;TIDAK SISIP
8ad431891bf4f0767fb66fd457cf8cba;Kalimantan;SMA;NEGERI;RAPORT;3.39;3.52;3.58;3.6;1;2;3.76;60;84;TIDAK SISIP
8c7896126a0775a5e827c08de98b910a;Jawa;SMA;SWASTA;RAPORT;3.61;3.68;3.7;3.75;0;0;3.90;60;83;TIDAK SISIP
8debe9dafcef389b84ed4c91ab97e02a;Papua & Maluku;SMA;SWASTA;TES;2.44;2.84;1.86;1.59;8;27;2.05;58;80;TIDAK SISIP
8eb58c062fc5d158ab73c77cf4bdaab9;Papua & Maluku;SMA;NEGERI;TES;2.69;2.74;2.26;1.96;6;17;2.34;62;82;TIDAK SISIP
8f259df966d1a98e3f02e4c465f2d700;Jawa;SMA;NEGERI;TES;2.89;3.32;3.19;3.17;0;0;3.27;62;82;TIDAK SISIP
91218dddb614d5531804bb1d79d70aba;Bali & NTT;SMK;NEGERI;TES;3.28;3.48;3.5;3.53;0;0;3.70;64;88;TIDAK SISIP
92757f8d52e075908b25dbc091d1e9cb;Bali & NTT;SMA;SWASTA;TES;2.17;2.75;2.85;2.74;0;0;2.93;64;86;TIDAK SISIP
93f04d1851e834952e5f882f467165c7;Jawa;SMA;SWASTA;RAPORT;2.89;3.18;3.08;3.14;0;0;3.36;60;81;TIDAK SISIP
9518589cfdbf727427616e0ad7331624;Jawa;SMA;NEGERI;TES;2.67;3.22;3.19;3;0;0;3.38;64;82;TIDAK SISIP
9726d093a18b6b5c9d39bea5bbe2c85e;Sulawesi;SMA;SWASTA;TES;2.89;3.4;3.47;3.3;0;0;3.52;62;85;TIDAK SISIP
9baf6cde892951b28ada7e40cf5b19f9;Kalimantan;SMA;SWASTA;TES;2;2.39;2.17;2.09;4;11;2.33;60;80;TIDAK SISIP
9d5f1342affba6390d5365caff44627a;Sumatera;SMA;SWASTA;TES;3.11;3.15;3.35;3.18;0;0;3.35;62;84;TIDAK SISIP
9dcc8bf3873248912e2a821d2afaa406;Kalimantan;SMA;SWASTA;TES;3;3.5;3.35;3.39;0;0;3.67;62;85;TIDAK SISIP
9e9fd0d781d84613dfedb4c21958b960;Sumatera;SMA;NEGERI;TES;3.06;3.22;3.06;2.89;0;0;3.12;63;85;TIDAK SISIP
9fdffb075df52b17de71bbae303b3be7;Kalimantan;SMA;SWASTA;TES;3.17;1.5;1.5;1.5;7;20;1.43;40;40;SISIP
a048d0d548057bd08a18bcbb66421bb1;Jawa;SMA;NEGERI;RAPORT;3.72;3.82;3.7;3.75;0;0;3.90;60;84;TIDAK SISIP
a67f950c941766c697c285a9db108db3;Kalimantan;SMA;NEGERI;RAPORT;3.5;3.66;3.68;3.74;0;0;3.90;60;84;TIDAK SISIP
a783a786dd77688d4ccf813c2ae41f81;Kalimantan;SMA;SWASTA;TES;3.27;3.18;3.32;3.2;0;0;3.68;71;86;TIDAK SISIP
a78517c8bf4c497335e424724443b65f;Jawa;SMA;NEGERI;TES;0.56;0.92;0.92;0.92;9;23;0.92;36;36;SISIP
a9c2be220c4f9b48c20966d93899ef0c;Papua & Maluku;SMA;NEGERI;RAPORT;2.17;2.92;2.89;2.94;0;0;3.22;61;83;TIDAK SISIP
aaf4c14e8aa4763640cc2c17c6729d6f;Kalimantan;SMA;SWASTA;RAPORT;2.83;3.32;3.37;3.3;0;0;3.58;60;82;TIDAK SISIP
ab17121269726ad0bb60477c6ca087d5;Jawa;SMA;NEGERI;TES;2.7;2.69;2.6;2.38;7;16;2.68;67;86;TIDAK SISIP
ab51a4fe5c7ff11773d9a362fc922b09;Kalimantan;SMA;SWASTA;TES;2.72;3.35;3.28;3.2;0;0;3.42;60;82;TIDAK SISIP
af6c1bc40978da79eb006c5868217671;Kalimantan;SMA;SWASTA;TES;2.17;2.24;2.6;2.7;1;3;3.05;58;81;TIDAK SISIP
b328ef01bd3bfd574c89ebc859a73e04;Jawa;SMA;SWASTA;TES;2.61;3.1;3.27;3.3;0;0;3.51;64;88;TIDAK SISIP
b35b7ade51d011fe7894869aa35c8177;Bali & NTT;SMA;SWASTA;TES;1.72;2.53;2.5;2.01;4;11;2.45;58;78;TIDAK SISIP
b36c7da0e8038752225ff53671c0dee9;Kalimantan;SMA;NEGERI;TES;2.61;3.12;3.17;3.09;0;0;3.42;63;85;TIDAK SISIP
b407cb591fce130bac83324e5ce50305;Sulawesi;SMA;SWASTA;TES;3.5;3.52;3.55;3.44;0;0;3.70;62;85;TIDAK SISIP
b4a2da7a14948e30bff995cfbf35b888;Sulawesi;SMA;NEGERI;TES;3.56;3.3;3.43;3.45;0;0;3.68;60;82;TIDAK SISIP
b5de69fa7d4ae29acdafc5644d4c5122;Jawa;SMK;SWASTA;TES;3.33;3.55;3.71;3.75;0;0;3.90;63;83;TIDAK SISIP
b658c7db2165e82fae9b53976c6bb53d;Kalimantan;SMK;NEGERI;TES;2.83;3.28;3.39;3.35;0;0;3.66;62;85;TIDAK SISIP
b7b3a73f86ac0080c072fa4e84565565;Jawa;SMA;NEGERI;TES;2.72;2.89;2.96;3;2;5;3.29;62;84;TIDAK SISIP
b7d691a6e70d046bcfa1e390f6956597;Jawa;SMA;NEGERI;RAPORT;2.5;2.95;2.03;2.03;6;20;2.03;60;60;TIDAK SISIP
b9afd7ec102e9f4724c4c47cc6dfe11e;Jawa;SMA;NEGERI;RAPORT;3.39;3.45;3.5;3.51;0;0;3.66;60;83;TIDAK SISIP
b9ffb08a19d0201ab2a5faa698335600;Jawa;SMA;NEGERI;TES;1.83;1.17;1.04;0.79;12;39;0.80;53;73;SISIP
bbf1a838cbb8acf31dd03bf9621015f7;Jawa;SMA;NEGERI;TES;3.22;3.6;3.67;3.66;0;0;3.72;64;87;TIDAK SISIP
bca3c0ff5d7145531516f68a1342898f;Sumatera;SMK;NEGERI;TES;2.93;3.24;2.96;2.84;1;3;2.97;58;76;TIDAK SISIP
bdad7320d7c1d21efac1d7c3a8381481;Kalimantan;SMA;SWASTA;RAPORT;0;0;0;0;6;18;0.00;18;18;SISIP
bec94d38db1d1a99505e83837df976e8;Bali & NTT;SMA;SWASTA;TES;3.11;3.52;3.27;3.18;0;0;3.46;62;84;TIDAK SISIP
c2752f71a3719bd020239f9a5c75835a;Jawa;SMA;SWASTA;TES;3.28;3.35;3.48;3.46;0;0;3.74;62;82;TIDAK SISIP
c2d755a96d8949a6e4c93f9f728bf715;Bali & NTT;SMA;NEGERI;TES;2.33;2.8;2.63;2.73;1;3;2.95;62;84;TIDAK SISIP
c34846d21c36f3a28a6aaff233a278b3;Papua & Maluku;SMA;NEGERI;RAPORT;3.33;3.39;3.39;3.24;0;0;3.61;61;83;TIDAK SISIP
c3f08fd2c83b2802245faa62b6bcfbf1;Sumatera;SMA;SWASTA;TES;3.06;3.2;3.05;3;0;0;3.28;60;80;TIDAK SISIP
c49f514dafdc3ee36eb6f2c646fc90ee;Jawa;SMA;SWASTA;TES;2.33;2.78;2.83;2.76;1;2;3.02;64;85;TIDAK SISIP
c4e27e0b6252d4970182750feac8629a;Bali & NTT;SMA;SWASTA;TES;1.94;1.89;1.51;1.42;10;27;1.79;58;76;SISIP
c59a9a6c8538bdd758f9795ba0718093;Jawa;SMA;NEGERI;TES;2.62;2.63;2.86;2.94;1;2;3.12;62;86;TIDAK SISIP
c732ba18026634940fd2380713359cfc;Bali & NTT;SMA;SWASTA;TES;2.78;3.05;2.95;2.66;0;0;3.00;60;80;TIDAK SISIP
c77ba0cd1e8d84772dccab5713336727;Jawa;SMA;SWASTA;TES;3.39;3.62;3.52;3.52;0;0;3.68;62;85;TIDAK SISIP
c8711f485f48b58accd59b04dde90199;Papua & Maluku;SMA;NEGERI;RAPORT;2.38;3.03;3;2.91;2;5;3.22;61;82;TIDAK SISIP
cc70097150078ee4e89d90dc3819df6d;Jawa;SMA;SWASTA;RAPORT;3.22;3.53;3.57;3.64;0;0;3.74;58;80;TIDAK SISIP
d01dfd66529e411abf8de02a79783de8;Jawa;SMA;SWASTA;RAPORT;3.17;3.42;3.37;3.16;0;0;3.54;60;80;TIDAK SISIP
d195b7478c267547391cff9a933949da;Bali & NTT;SMA;NEGERI;RAPORT;2.06;2.76;2.8;2.7;4;10;3.26;60;82;TIDAK SISIP
d25065d516f78b2067777db0a8a4014f;Sumatera;SMK;NEGERI;TES;2.8;3.14;3.04;3.09;2;5;3.58;63;85;TIDAK SISIP
d3e43d64755c49466897815790a578d8;Jawa;SMK;SWASTA;TES;2.89;3.2;3.24;3.37;0;0;3.56;62;84;TIDAK SISIP
d44aa64a4139715c4789b9f1974062c8;Jawa;SMA;NEGERI;RAPORT;3.33;3.42;3.48;3.55;0;0;3.80;60;80;TIDAK SISIP
d4c3ecdb039f8d6f56768678a53e3547;Bali & NTT;SMA;SWASTA;TES;3.33;3.32;3.14;2.99;1;3;3.25;63;85;TIDAK SISIP
d52ebf70bff05343fd34074f7b2d4fe2;Kalimantan;SMA;NEGERI;TES;2.56;3.18;3.28;3.38;0;0;3.55;60;82;TIDAK SISIP
d62ccd128543959c670539882cda9e51;Sumatera;SMA;NEGERI;TES;3.83;3.75;3.67;3.65;0;0;3.78;60;82;TIDAK SISIP
d6702d92cb55256bee7f9b2f36fa82a9;Bali & NTT;SMA;SWASTA;TES;3.22;3.38;3.52;3.55;0;0;3.77;63;85;TIDAK SISIP
d7147c0b4093b8bc9d48f4dbe2a6c69c;Kalimantan;SMA;NEGERI;TES;3.17;3.58;3.55;3.49;0;0;3.66;62;85;TIDAK SISIP
d7f354fb50363b9129c730aced088eb3;Jawa;SMA;NEGERI;TES;3.56;3.56;2.13;2.13;4;12;2.13;30;30;SISIP
d9046bae721e3dfcb13690e2bb68c8ac;Jawa;SMA;NEGERI;TES;3.72;3.88;3.84;3.73;0;0;3.80;62;82;TIDAK SISIP
dbbf9f74ad9dc8e033d762b89fa92e24;Jawa;SMA;SWASTA;TES;3.67;3.35;3.46;3.27;4;11;3.48;61;85;TIDAK SISIP
dc078fe403bf9fd801537cee97220b62;Jawa;SMA;NEGERI;RAPORT;2.67;2.84;2.9;2.87;2;6;3.11;60;80;TIDAK SISIP
dd90d9582ddef2507b22444c0b93381e;Sumatera;SMA;SWASTA;RAPORT;2.33;3.03;3.15;3.3;0;0;3.48;60;82;TIDAK SISIP
de853e01882cc8140437b4890d7c7eb5;Sumatera;SMA;NEGERI;TES;3.67;3.58;3.62;3.43;0;0;3.44;60;84;TIDAK SISIP
df0f53825c09b8104a473491a8b23b6d;Bali & NTT;SMA;NEGERI;TES;2.67;3.37;3.47;3.52;0;0;3.54;62;85;TIDAK SISIP
df80b77a0e4ab73ed8eb5aac9e929064;Jawa;SMK;SWASTA;TES;3.28;3.58;3.41;3.27;0;0;3.47;63;85;TIDAK SISIP
dfbfd49982d546afb0f5f111c363b479;Jawa;SMK;NEGERI;TES;3;3.39;3.28;3.25;0;0;3.39;63;87;TIDAK SISIP
dfc1ae27887cbac103baa8ecc008ad7e;Papua & Maluku;SMA;SWASTA;RAPORT;0;0;0;0;3;11;0.00;18;18;SISIP
dfc73a15fb8b913b8fd3bb615aa7daef;Jawa;SMA;NEGERI;TES;3.06;3.4;3.55;3.57;0;0;3.66;64;88;TIDAK SISIP
e0820903fd08a7d0839c18a1e4d2cf78;Papua & Maluku;SMA;NEGERI;TES;2.11;2.5;2.53;2.45;0;0;2.68;60;81;TIDAK SISIP
e5e741d6fcba33b94be00459e1dfc017;Bali & NTT;SMK;SWASTA;TES;3;2.53;2.16;1.82;7;22;2.00;59;76;TIDAK SISIP
e8067aebe500c705dee3cd867e97b743;Jawa;SMA;NEGERI;TES;3;3.28;3.32;3.21;0;0;3.54;60;82;TIDAK SISIP
e86e7797429797636217d4d4bd76c70b;Papua & Maluku;SMA;NEGERI;TES;3.28;3;3.23;3.2;0;0;3.41;62;84;TIDAK SISIP
e90f8e15c23561125e22af7e751d6890;Jawa;SMA;SWASTA;TES;2.47;2.81;2.95;2.96;1;3;3.13;58;80;TIDAK SISIP
eb59157e8d25abad77b3cb8c3465a4bf;Jawa;SMA;NEGERI;TES;2.44;3.11;3.18;3.25;1;2;3.42;63;87;TIDAK SISIP
eb752c2a071098580db601b4d6b2300a;Jawa;SMA;SWASTA;RAPORT;3.06;3.32;3.55;3.59;0;0;3.66;58;78;TIDAK SISIP
ebb080289ad0e9d4c5f2471cbbb7de01;Kalimantan;SMA;SWASTA;TES;2.42;2.81;2.66;2.13;4;12;2.72;62;82;TIDAK SISIP
ef636b73dd86b58b50aab4b66cfbd87a;Kalimantan;SMA;SWASTA;TES;2.83;3.1;3.11;2.72;0;0;3.28;62;82;TIDAK SISIP
f1889119095e31efcc07bd2b7d8519b4;Jawa;SMA;NEGERI;TES;3.56;3.38;3.48;3.36;0;0;3.52;60;80;TIDAK SISIP
f6cb5a6d302b0a656afb7783dd825e68;Jawa;SMA;SWASTA;TES;2.69;2.5;2.13;1.82;7;19;2.18;61;80;TIDAK SISIP
f6f861f1e5f3f320642fcdd5a2ce42c4;Sumatera;SMA;SWASTA;RAPORT;4;4;4;4;0;0;4.00;63;85;TIDAK SISIP
f834f70086584403ff3a919adb87d044;Kalimantan;SMA;NEGERI;RAPORT;2.94;3.24;3.28;3.24;0;0;3.56;60;83;TIDAK SISIP
f951572438150a1c5b6cb330c2613722;Jawa;SMA;SWASTA;RAPORT;3.11;3.42;3.5;3.59;0;0;3.77;60;82;TIDAK SISIP
faefea6a64cbf3ce0a52b8e341a41f58;Jawa;SMA;NEGERI;RAPORT;3.44;3.58;2.97;2.81;2;8;3.16;63;83;TIDAK SISIP
fba1fa0c25da6ba3039ac7fd07e9b4ab;Jawa;SMA;SWASTA;TES;1.44;2.11;1.46;1.22;7;23;1.34;52;67;SISIP
fc4df406a373927f1992b82c7b918722;Kalimantan;SMA;SWASTA;RAPORT;2.75;3.03;3.15;3.13;2;4;3.43;61;81;TIDAK SISIP
0362fa0937d1692b101df773b17151e8;Jawa;SMA;NEGERI;TES;3.83;3.74;3.71;3.76;0;0;3.82;62;86;TIDAK SISIP
061bdb76aa0948655c10181e7416feae;Jawa;SMA;NEGERI;TES;3.06;3.55;3.6;3.67;0;0;3.77;58;78;TIDAK SISIP
0749ce25c544d07683dfac61882335f8;Sulawesi;SMK;NEGERI;RAPORT;0.38;0.84;0.76;0.76;15;44;0.54;57;57;SISIP
07f04b58e63089b7c949c5f57cb9528c;Sulawesi;SMA;SWASTA;RAPORT;3.56;3.7;3.81;3.83;0;0;4.00;62;86;TIDAK SISIP
09563dbce09e76c928e01b1d5ad3e4ae;Jawa;SMA;SWASTA;RAPORT;3.89;3.88;3.8;3.74;0;0;3.85;65;86;TIDAK SISIP
0b60039a5583623f293cda9792fb561a;Sumatera;SMA;NEGERI;RAPORT;3.28;3.17;3.45;3.4;1;3;3.70;65;85;TIDAK SISIP
0bb98fdffdb495fb1c18e5d7a359d200;Bali & NTT;SMA;NEGERI;RAPORT;3.44;3.58;3.65;3.63;0;0;3.69;62;83;TIDAK SISIP
1022c8e72450560514d0b069a7e9f2bb;Jawa;SMA;NEGERI;TES;0.67;0.67;0.67;0.67;5;15;0.67;18;18;SISIP
10867cea781f55f42aa39e4897467362;Jawa;SMA;SWASTA;RAPORT;4;3.82;3.81;3.79;0;0;3.84;62;85;TIDAK SISIP
1231d567753bd5fd4e4931147b6e8bd1;Jawa;SMA;NEGERI;TES;3.83;3.74;3.72;3.76;0;0;3.90;60;82;TIDAK SISIP
12f72952118e48969e5a0400bf1f8188;Sumatera;SMA;SWASTA;RAPORT;3.33;3.51;3.18;2.95;1;3;3.28;63;81;TIDAK SISIP
143dec83c8a1063c082f1a143abdb679;Sulawesi;SMA;SWASTA;RAPORT;3.72;3.55;2.62;2.82;6;20;3.48;63;85;TIDAK SISIP
15f63b12e234ab28ff15f2a9ac7410af;Papua & Maluku;SMA;NEGERI;RAPORT;3.33;3.18;2.97;2.82;1;2;3.03;60;80;TIDAK SISIP
170e4f4ee8e1839241ecb1bc29f68a73;Kalimantan;SMA;NEGERI;RAPORT;2.72;2.68;2.56;2.51;0;0;2.74;62;82;TIDAK SISIP
17166165960839882a8d4f0abf14d10e;Jawa;SMK;SWASTA;RAPORT;3.22;3.16;2.78;2.82;2;6;3.20;60;80;TIDAK SISIP
175fe64a4f1a21f2dd0bc47233509485;Kalimantan;SMA;SWASTA;RAPORT;1.56;1.59;1.08;1.08;10;36;0.98;55;55;SISIP
182d6868b30455120928711782e8fca8;Papua & Maluku;SMA;NEGERI;RAPORT;4;3.84;3.58;3.55;0;0;3.70;60;80;TIDAK SISIP
18811f446db91f3efb66542ab676aae1;Sulawesi;SMA;NEGERI;RAPORT;3.22;3.45;3.39;3.04;0;0;3.44;61;83;TIDAK SISIP
1cc1b1f75b79db55a2ddce606a92ffa3;Sumatera;SMA;SWASTA;TES;2;1.46;1.04;0.85;11;36;0.93;55;67;SISIP
2032c5a002edb632253905faedab42c4;Sumatera;SMA;SWASTA;RAPORT;3.17;3.37;3.57;3.61;0;0;3.70;60;83;TIDAK SISIP
21cecdfab9b5a921491819f462d43c03;Jawa;SMA;SWASTA;TES;2.5;2.82;2.54;2.47;2;7;2.79;61;81;TIDAK SISIP
23b5a2f8f1c1ba791ea782f6decb2d50;Sulawesi;SMA;NEGERI;RAPORT;3.06;3.11;3.12;3.15;1;3;3.43;60;80;TIDAK SISIP
255885865c2dd90e52971de626e4cd26;Bali & NTT;SMK;NEGERI;TES;1.11;1.11;1.11;1.11;4;13;1.11;18;18;SISIP
26c700c3e4b2d85c3b5760d8c6224fd5;Jawa;SMA;NEGERI;RAPORT;3.44;3.2;3.26;3.26;0;0;3.52;65;85;TIDAK SISIP
26eef1b00cf6c289c434c9e1642a201b;Jawa;SMA;SWASTA;RAPORT;2.89;3.26;3.41;3.27;0;0;3.55;58;78;TIDAK SISIP
286c6f2765489d4b79fa7a18eb3a76d3;Jawa;SMK;SWASTA;RAPORT;3.44;3.45;3.45;3.28;0;0;3.43;60;83;TIDAK SISIP
29625449eff7e78b5196bb4a1a3be9d5;Kalimantan;SMK;NEGERI;RAPORT;2.89;2.87;2.92;2.9;0;0;3.15;60;80;TIDAK SISIP
2a85f151332026f13ff50bf3ba656950;Jawa;SMA;SWASTA;TES;2.94;3.28;3.44;3.44;0;0;3.78;62;84;TIDAK SISIP
2cc22dba38e6438d16eff495632d068c;Sumatera;SMA;SWASTA;RAPORT;3.56;3.24;3.42;3.31;1;3;3.56;65;88;TIDAK SISIP
2df2e2f4746ff90366f1b8395d98a929;Bali & NTT;SMA;NEGERI;RAPORT;3.33;3.26;3.23;3.31;0;0;3.48;60;80;TIDAK SISIP
2e5fe5eeb382c2d5948f650ab64cfdb8;Kalimantan;SMA;SWASTA;RAPORT;3;3.05;3.28;3.28;1;3;3.54;60;82;TIDAK SISIP
2f5fcbf09d6b9480d7777a6dd4649fe5;Jawa;SMK;NEGERI;RAPORT;3.67;3.78;3.76;3.72;0;0;3.80;63;86;TIDAK SISIP
301764f314c4631c42e28065f2a6d21c;Jawa;SMA;SWASTA;TES;2.33;1.74;1.62;1.82;7;22;2.15;58;73;TIDAK SISIP
3228d433477587153c363681c666c508;Kalimantan;SMK;NEGERI;RAPORT;3.22;3.11;2.97;2.87;1;2;3.20;60;82;TIDAK SISIP
3231254f5fa2606388d56d555b6335b3;Bali & NTT;SMA;SWASTA;RAPORT;0;0;0;0;5;15;0.00;18;18;SISIP
34762071efcae6b1f28d92efe53a848f;Jawa;SMA;NEGERI;TES;2.46;2.5;2.39;2.36;7;19;2.41;52;74;TIDAK SISIP
388e1b83f0d187ac4ba4d212300da508;Kalimantan;SMA;NEGERI;TES;3;2.39;1.75;1.72;8;27;2.00;56;71;TIDAK SISIP
38fa997b127a04688a70c9016836d6df;Sumatera;SMA;SWASTA;RAPORT;4;3.9;3.94;3.95;0;0;4.00;62;82;TIDAK SISIP
3b669bc30aa3d1ceb6e141ccc9d6510a;Kalimantan;SMA;NEGERI;RAPORT;2.67;3.16;3.03;2.94;0;0;3.26;61;83;TIDAK SISIP
3cba6e345c7747c954783e018e6f5abe;Kalimantan;SMK;NEGERI;RAPORT;3.83;3.68;3.76;3.82;0;0;3.89;63;83;TIDAK SISIP
3db61dc6c068e1041f6aa533728355c0;Papua & Maluku;SMA;SWASTA;RAPORT;0.92;1;0.91;0.91;14;41;0.58;55;55;SISIP
3df8b06ca2b1601e1b0c1fed4e24b9af;Jawa;SMA;NEGERI;RAPORT;3.67;3.58;3.18;3.21;0;0;3.53;60;80;TIDAK SISIP
3e2a1f97552598d30232f44747a06511;Sumatera;SMK;SWASTA;RAPORT;3.89;3.75;3.65;3.51;0;0;3.69;63;86;TIDAK SISIP
40e63f7fd8b8f3514f14a1faa244ce09;Jawa;SMA;NEGERI;RAPORT;3.39;3.12;3.37;3.23;1;3;3.43;63;86;TIDAK SISIP
412f9d346218bded1b0642692bdc035a;Jawa;SMA;SWASTA;RAPORT;3.89;3.88;3.73;3.73;0;0;3.85;64;84;TIDAK SISIP
4265c5d71a4e5617819728d4e9ebec51;Jawa;SMA;SWASTA;TES;3.72;3.79;3.8;3.82;0;0;3.89;60;84;TIDAK SISIP
42e209723b321cf5050c4331f405074c;Sulawesi;SMA;SWASTA;RAPORT;1.07;1.71;1.26;0.98;10;34;0.90;53;68;SISIP
46196e9587b5fc955a28aa41d1de09af;Jawa;SMA;NEGERI;TES;3.5;3.37;3.56;3.56;0;0;3.78;61;81;TIDAK SISIP
469e52ec42ed14fa21b9c254f3c21d1b;Kalimantan;SMA;NEGERI;RAPORT;3.89;3.2;3.2;3.2;2;6;3.20;41;41;SISIP
4791eb58a098fe21f100ac2d336e5955;Jawa;SMA;SWASTA;RAPORT;2;2.31;2.57;2.59;3;7;2.90;60;80;TIDAK SISIP
498ab8be1cf1c9b7a93ed00e8b7da1f2;Jawa;SMA;NEGERI;TES;3.11;3.28;2.68;2.76;3;12;3.32;60;80;TIDAK SISIP
4d24ed20c9fcba33d191c1715135eb5a;Kalimantan;SMA;SWASTA;RAPORT;3.06;3.32;3.36;3.4;0;0;3.51;64;86;TIDAK SISIP
4e3235e4f50ceeb9a7c5ab07b7fa4977;Jawa;SMA;SWASTA;TES;3.06;3.22;2.82;2.59;3;8;2.90;58;80;TIDAK SISIP
50126d5f1734df1a11577a95006d8cb3;Kalimantan;SMK;NEGERI;RAPORT;0.5;0.5;0.5;0.5;5;15;0.50;18;18;SISIP
52d7d481e5627db3b7c2f4cf33815c57;Jawa;SMA;NEGERI;TES;2.78;3.05;3.05;3.05;0;0;3.05;38;38;SISIP
58bbf0b2bc17f7b619f77e4a087540df;Bali & NTT;SMA;NEGERI;TES;3.89;3.46;3.37;3.38;1;3;3.43;60;81;TIDAK SISIP
5a2267e4cbe5bfc100c501841af485b7;Bali & NTT;SMA;NEGERI;RAPORT;3.33;3.45;3.22;3.17;0;0;3.38;63;81;TIDAK SISIP
5a68e87ea3c3c71c3c512a3a09094646;Jawa;SMA;NEGERI;RAPORT;2.94;3.21;3.05;3.11;1;4;3.43;61;81;TIDAK SISIP
5c0e3931be8975ba0c69934da3b86b19;Bali & NTT;SMA;SWASTA;RAPORT;3.78;3.32;3.28;3.34;0;0;3.59;58;80;TIDAK SISIP
5ccdf731323d90c9fb6a02cb831aafc6;Bali & NTT;SMA;SWASTA;RAPORT;1.93;2.37;2.71;2.75;4;13;3.13;60;82;TIDAK SISIP
5d2b381bdbbce262d1ff5a9fb7f73f1a;Jawa;SMA;SWASTA;RAPORT;2.89;2.72;2.34;2.46;4;14;2.74;58;76;TIDAK SISIP
62a62dc93b06e3e3af7d7f9b7d86e98e;Jawa;SMA;SWASTA;TES;3.5;3.45;3.43;3.42;0;0;3.79;60;80;TIDAK SISIP
62b3bd42e4aa5ff3f0b90c92c5ce2c39;Papua & Maluku;SMA;SWASTA;TES;3.5;3.55;3.23;3.25;0;0;3.60;60;80;TIDAK SISIP
63ce23b169b5f3c35a673f1c15d9d723;Kalimantan;SMK;SWASTA;RAPORT;3.22;3.37;3.26;3.16;0;0;3.43;58;76;TIDAK SISIP
648d067c85cbcce09c127ccc3846565c;Jawa;SMA;NEGERI;RAPORT;4;3.7;3.81;3.79;0;0;3.89;62;85;TIDAK SISIP
65a7b06e2639909f79ee702af95d91e2;Jawa;SMK;SWASTA;RAPORT;3.39;3.48;3.32;3.24;0;0;3.39;62;83;TIDAK SISIP
69fb3301e48cbda4410da2402a14aabc;Jawa;SMA;SWASTA;TES;3.56;3.45;3.21;3.2;0;0;3.44;62;80;TIDAK SISIP
6a37c850f9ab9ce8cad72c4fcb0f70b6;Bali & NTT;SMA;NEGERI;RAPORT;2.11;1;1;1;9;23;1.00;38;38;SISIP
6a42867045da859e0816c4b6580673ef;Jawa;SMA;SWASTA;RAPORT;3.47;2.97;3.02;2.95;2;5;3.24;62;82;TIDAK SISIP
6b5c32b08d5418de3753ce038e2ddf0f;Jawa;SMA;NEGERI;RAPORT;3.83;3.68;3.52;3.55;0;0;3.67;62;86;TIDAK SISIP
6c78a18b4074489ab729b82679f8b014;Papua & Maluku;SMA;NEGERI;RAPORT;3.17;3.08;2.85;2.85;1;4;3.15;60;80;TIDAK SISIP
6db0b2ecd27e7f654ace1e2d1c96db1c;Papua & Maluku;SMA;SWASTA;RAPORT;3.28;3.21;2.81;2.88;2;7;3.38;58;78;TIDAK SISIP
6ee12acc8be0cf79b1829ffcd40a241d;Sulawesi;SMA;SWASTA;RAPORT;3.83;3.65;3.47;3.57;0;0;3.66;62;84;TIDAK SISIP
7224ac0c3132cc6773f20f2e8285b339;Jawa;SMK;SWASTA;RAPORT;2.72;3.08;2.72;2.68;3;11;3.02;60;80;TIDAK SISIP
73548b2b1077157f68fbc91aeaa2c220;Sumatera;SMA;NEGERI;RAPORT;3.25;2.83;2.57;2.66;4;9;2.93;60;79;TIDAK SISIP
79321764cf646a6c0f3573e4c50516d0;Jawa;SMK;SWASTA;TES;0.67;0.67;0.67;0.67;5;15;0.67;18;18;SISIP
79626c3bfcb1a3674f96e13e88c27af4;Sumatera;SMA;SWASTA;RAPORT;1.5;1.8;2.09;1.48;9;28;1.56;57;81;SISIP
7b3e097835bc757227da14b4124d1c4a;Sulawesi;SMA;SWASTA;RAPORT;1.88;1.28;0.94;0.76;16;43;0.78;54;66;SISIP
7bbd0da7f39e6b5c16f02e5d0d533621;Jawa;SMA;NEGERI;RAPORT;3.27;3.3;3.49;3.42;1;3;3.75;62;86;TIDAK SISIP
7cc48062b7761333f204254b900212d8;Sumatera;SMA;SWASTA;TES;2.33;1.89;1.2;0.99;10;32;1.13;58;73;SISIP
7fc891f0985db70f5351ddd1ca8ee7fd;Kalimantan;SMA;NEGERI;TES;3.26;3.36;3.36;3.28;1;3;3.82;102;123;TIDAK SISIP
807833344dd2568282412d37ceed279f;Papua & Maluku;SMA;NEGERI;RAPORT;4;3.84;3.67;3.61;0;0;3.75;60;80;TIDAK SISIP
8158f83ffa3b2ff478c3c08ab991b2fe;Kalimantan;SMA;NEGERI;TES;4;3.6;3.74;3.66;0;0;3.77;62;86;TIDAK SISIP
81c6c4590a1cc52a4b03461cfb95e33a;Kalimantan;SMA;NEGERI;RAPORT;3.67;3.61;3.58;3.5;0;0;3.51;65;88;TIDAK SISIP
81eab591df0429a3f50d887d305fc554;Jawa;SMA;SWASTA;RAPORT;3;3.4;3.21;3.07;0;0;3.38;62;82;TIDAK SISIP
82abf5794c50f4a8d8ec268d9c51e418;Kalimantan;SMA;SWASTA;RAPORT;3.44;3.5;3.48;3.42;0;0;3.72;63;83;TIDAK SISIP
839110106f1c9cafa9e1735417cff7b9;Sumatera;SMK;NEGERI;TES;3.44;3.4;3.55;3.47;0;0;3.62;62;86;TIDAK SISIP
83eef4c694ff1c12129b5729c2784d54;Bali & NTT;SMK;SWASTA;RAPORT;3.89;3.47;3.47;3.58;0;0;3.72;60;84;TIDAK SISIP
8581ed202ff55ec27014b56576d1a3e6;Sumatera;SMA;SWASTA;RAPORT;3;3.24;3.32;3.33;0;0;3.44;60;83;TIDAK SISIP
8701d6684a2290b45b2b162c39be431c;Sumatera;SMA;NEGERI;RAPORT;1.33;0.74;0.74;0.74;11;32;0.74;38;38;SISIP
88cf46852aeb07a4b3e8a75fc286cc54;Jawa;SMK;NEGERI;RAPORT;3.44;3.47;3.4;3.32;0;0;3.63;60;80;TIDAK SISIP
893f4ff5eef12b6bb2fe61ef474a1d11;Sumatera;SMA;NEGERI;RAPORT;3.78;3.83;3.89;3.85;0;0;4.00;64;86;TIDAK SISIP
895702d6ffe12cc4edf4d36ca7719d6d;Jawa;SMK;SWASTA;TES;4;3.74;3.77;3.65;0;0;3.62;62;82;TIDAK SISIP
8a1451055eb68440e9ce8e2099f90ad2;Kalimantan;SMA;SWASTA;RAPORT;3.28;3.24;3.05;2.99;0;0;3.31;60;80;TIDAK SISIP
8ce250ed7c2f3082f7a127c6855fa982;Jawa;SMK;SWASTA;RAPORT;3.89;3.66;3.78;3.8;0;0;3.90;58;80;TIDAK SISIP
8e905f9c23e61242df2ef36b24d00c82;Jawa;SMA;NEGERI;TES;2.8;3.25;3.27;3.19;2;6;3.39;61;84;TIDAK SISIP
914a6ae2e9f9cd373961b788ab3dd8dd;Jawa;SMA;NEGERI;TES;4;3.87;3.92;3.94;0;0;4.00;62;82;TIDAK SISIP
932f0f41201c31eb34a8724f2dcf0667;Sumatera;SMA;NEGERI;TES;2.9;2.5;2.02;2.02;6;21;1.75;61;61;SISIP
95f01f9be7cf8ec4877180fe742a0568;Bali & NTT;SMA;NEGERI;RAPORT;3.5;3.3;3.34;3.38;0;0;3.59;62;85;TIDAK SISIP
96a87e77b1f6ec4c018fee3a757ba5ea;Papua & Maluku;SMA;SWASTA;RAPORT;2.56;2;1.31;1.31;9;29;1.31;58;58;SISIP
9799ebcc5f63ed8891f85a748756386a;Kalimantan;SMA;SWASTA;RAPORT;3.44;3.45;3.46;3.36;0;0;3.49;63;86;TIDAK SISIP
991b999d6ca164a337994ef8f4524331;Jawa;SMA;SWASTA;RAPORT;4;3.95;3.87;3.84;0;0;3.95;62;85;TIDAK SISIP
993ab7d62fd22cf5a1680c9068a765e5;Kalimantan;SMA;NEGERI;RAPORT;2.93;3.14;3.16;3.02;0;0;3.27;61;83;TIDAK SISIP
9b8ae589be3cd01785ff473ce537124f;Jawa;SMA;NEGERI;RAPORT;4;3.74;3.67;3.69;0;0;3.75;66;90;TIDAK SISIP
9c1599a668ead37648cfd21db7e9b365;Jawa;SMA;SWASTA;TES;3.5;2.5;2.41;2.43;8;23;2.82;58;78;TIDAK SISIP
9c8f2ebde1a9025de98d4ca0b73c79bb;Jawa;SMA;SWASTA;RAPORT;3.06;3.08;3.22;3.2;0;0;3.51;60;82;TIDAK SISIP
9ce0455bb21b49da608860fc52bc4c1b;Bali & NTT;SMA;NEGERI;TES;0.67;0.67;0.67;0.67;5;15;0.67;18;18;SISIP
9e92c5ca575929a41b43b069092639d4;Jawa;SMK;SWASTA;RAPORT;3.17;3.05;2.7;2.78;2;6;3.18;63;85;TIDAK SISIP
9ebe9332bc474accd600ae68ea309b26;Bali & NTT;SMA;NEGERI;RAPORT;3.56;3.45;3.56;3.52;0;0;3.68;61;81;TIDAK SISIP
a03a63193d7dc689e5aae69152ad72fa;Bali & NTT;SMA;SWASTA;TES;3;2.88;2.92;2.94;1;3;3.33;62;80;TIDAK SISIP
a1a7f3e6441b130ab30face30614170f;Bali & NTT;SMA;NEGERI;RAPORT;3.78;3.52;3.32;3.31;0;0;3.56;62;83;TIDAK SISIP
a1fe2ec464023786d9961d0740478844;Sulawesi;SMA;SWASTA;RAPORT;0.33;0.33;0.33;0.33;5;15;0.33;18;18;SISIP
a39db7cd4c1b6e0a1c80cd4c58292cad;Jawa;SMK;NEGERI;TES;3.33;3.58;3.48;3.48;0;0;3.69;60;83;TIDAK SISIP
a4016c759e0aa03dac336bff21f31aea;Papua & Maluku;SMA;NEGERI;RAPORT;3.39;3.38;3.46;3.26;0;0;3.57;62;86;TIDAK SISIP
a42ccfdef7b2eb201365d70a258b7084;Jawa;SMA;NEGERI;RAPORT;4;3.89;3.93;3.92;0;0;3.93;60;83;TIDAK SISIP
ad66709008b13964f884e936c655dc9f;Bali & NTT;SMA;SWASTA;TES;2.89;3.1;3.44;3.26;1;3;3.68;64;85;TIDAK SISIP
adb5e7c453bed6039b506f5222694491;Sulawesi;SMA;SWASTA;RAPORT;2.72;2.84;3.07;3.2;0;0;3.41;58;80;TIDAK SISIP
aeb7e240d84f364518d612400ba1310f;Bali & NTT;SMA;NEGERI;RAPORT;3.72;3.58;3.23;3.14;0;0;3.46;60;80;TIDAK SISIP
af7befae02b6339b1bc16395aa3abf88;Bali & NTT;SMA;SWASTA;RAPORT;2.61;2.79;2.77;2.9;2;5;3.18;60;78;TIDAK SISIP
b1c9b7d8980f8653772d64894c75ced2;Jawa;SMA;SWASTA;TES;0.83;0.56;1;1.3;14;37;1.32;51;71;SISIP
b596fa363e0b6273dd93f7237d147d51;Bali & NTT;SMA;SWASTA;RAPORT;2.44;2.63;2.44;2.51;2;7;2.70;60;81;TIDAK SISIP
b94c9f3c44bf00431346291471dae31e;Kalimantan;SMA;SWASTA;TES;3.78;3.34;3.45;3.22;0;0;3.54;58;78;TIDAK SISIP
ba65ab0aa2db3e50dac2f1e3b04dc6ce;Jawa;SMA;SWASTA;RAPORT;3.56;3.66;3.7;3.74;0;0;3.80;60;80;TIDAK SISIP
ba70c7401081e31942920f7a659a29ec;Papua & Maluku;SMA;NEGERI;RAPORT;3.5;3.47;3.22;3.21;0;0;3.45;60;80;TIDAK SISIP
bd124277b2cf35523f24dcb921446085;Sumatera;SMA;NEGERI;RAPORT;3.28;3.48;3.11;2.83;0;0;3.20;63;84;TIDAK SISIP
bd2960bd331c13016fad89b7275c0419;Jawa;SMK;SWASTA;RAPORT;2.72;2.1;1.73;1.59;8;24;1.98;60;75;SISIP
bd6d18458deaa054e220248fe99854da;Sumatera;SMA;NEGERI;RAPORT;4;3.8;3.79;3.81;0;0;3.90;62;83;TIDAK SISIP
be1a704a13bedd51a478b8df71bb80ba;Jawa;SMA;SWASTA;TES;0.38;0.9;0.74;0.69;16;46;0.57;55;76;SISIP
be4d8ef81e5f7d98cdba7eb5ca8bb2c7;Jawa;SMA;NEGERI;RAPORT;3.11;2.88;2.83;2.86;2;7;3.25;63;85;TIDAK SISIP
bed2edeaab6dfb0c35a3917edc9bfd17;Jawa;SMA;NEGERI;TES;3.44;3.53;3.3;3.22;0;0;3.48;60;80;TIDAK SISIP
c3ea55b06425f4fff37b920ceff3d94b;Jawa;SMA;NEGERI;RAPORT;3;3.2;2.78;2.72;1;4;3.03;63;81;TIDAK SISIP
c42688c5055ce63d9f82b972ee9c9f14;Kalimantan;SMA;NEGERI;RAPORT;3.33;3.32;3.25;3.29;1;3;3.45;60;80;TIDAK SISIP
c43067562216f2ea1ac8ebb56e2824f0;Kalimantan;SMA;NEGERI;RAPORT;3.56;3.32;3.12;3.09;0;0;3.30;58;76;TIDAK SISIP
c62f473921312c290973700062a75750;Kalimantan;SMA;NEGERI;RAPORT;3.72;3.62;3.71;3.67;0;0;3.80;62;83;TIDAK SISIP
c7ee56fcfc63a7d6b2a0fabcab7b5c13;Jawa;SMA;SWASTA;RAPORT;3.89;3.88;3.84;3.88;0;0;4.00;63;85;TIDAK SISIP
cb099f7bb0d0bd09bba9f123b79899e8;Jawa;SMA;SWASTA;RAPORT;0;0;0;0;8;25;0.00;25;34;SISIP
cb8c68747d06819d2957ca88d31a1b83;Jawa;SMA;SWASTA;RAPORT;3.11;3.4;3.37;3.27;0;0;3.48;63;85;TIDAK SISIP
cc67c7f08a72824abcc0b5d2a2df6925;Papua & Maluku;SMA;NEGERI;RAPORT;3.83;3.72;3.56;3.51;0;0;3.56;62;86;TIDAK SISIP
cd711aa2a764dc0cf13250568b30bc41;Jawa;SMA;SWASTA;RAPORT;3.83;3.56;3.71;3.66;0;0;3.84;63;86;TIDAK SISIP
cf607ce8cfd1a30431c743803bec6999;Papua & Maluku;SMA;NEGERI;RAPORT;2.87;2.6;2.91;2.85;3;8;3.15;56;78;TIDAK SISIP
d3fb57d954c4415c26710c2df15e577b;Sumatera;SMA;NEGERI;RAPORT;3.56;2.85;2.78;2.94;1;3;3.25;63;83;TIDAK SISIP
d5b3df8b3ce08f0bd2e4cfb840728b94;Bali & NTT;SMA;NEGERI;RAPORT;3.83;3.92;3.9;3.89;0;0;3.95;61;83;TIDAK SISIP
d66be0e412466f93924abb2b45900e84;Kalimantan;SMA;SWASTA;RAPORT;3.56;3.4;3.23;3.12;0;0;3.44;62;82;TIDAK SISIP
d67a1528049edac8524d6743e2905010;Sumatera;SMA;NEGERI;RAPORT;0.13;0.13;0.13;0.13;5;15;0.11;18;18;SISIP
d6ab50f7eb33d50da1dd3a62e86b09e8;Jawa;SMA;NEGERI;RAPORT;4;4;4;3.96;0;0;4.00;58;76;TIDAK SISIP
d80edb6f1e420e751f3bfa37aa941a40;Kalimantan;SMA;NEGERI;RAPORT;1.3;1.78;1.68;1.98;9;28;2.02;55;74;TIDAK SISIP
d89f4ecc37f0064d48d759ccef67afe8;Kalimantan;SMA;NEGERI;RAPORT;3.22;3;3.1;3.15;0;0;3.48;60;82;TIDAK SISIP
db125a47b4ce0219c6f59abc4a65a6ce;Kalimantan;SMA;NEGERI;RAPORT;3.33;3.42;3.44;3.45;0;0;3.59;62;86;TIDAK SISIP
db9865608d14c291f022d8c013625825;Jawa;SMA;NEGERI;TES;4;3.82;3.83;3.87;0;0;3.93;58;79;TIDAK SISIP
e48dd0c7954cd5d644c9fc7677dd2ed6;Bali & NTT;SMA;NEGERI;RAPORT;4;3.8;3.88;3.87;0;0;4.00;64;86;TIDAK SISIP
e54a568bd0d5ca9b12f8e36054f7c8c5;Jawa;SMK;NEGERI;RAPORT;4;4;4;3.98;0;0;4.00;61;83;TIDAK SISIP
e68f7795b0210d53604d7100bfbd6268;Bali & NTT;SMK;SWASTA;RAPORT;3.28;3.45;3.23;3.21;0;0;3.43;60;80;TIDAK SISIP
ec6c7349ba293ae6f4c22ac2daaba614;Sulawesi;SMA;NEGERI;RAPORT;3.83;3.62;3.39;3.38;0;0;3.57;62;80;TIDAK SISIP
ed55842eeef226f70fa831b4014e4ac4;Jawa;SMA;SWASTA;TES;2.22;2.45;2.17;1.99;7;18;2.18;56;75;TIDAK SISIP
ee6914ad7ad64c337a120661ca09413b;Jawa;SMA;NEGERI;RAPORT;3.83;3.87;3.92;3.94;0;0;4.00;62;82;TIDAK SISIP
f15b05902eec762fd0a75a27790282f9;Bali & NTT;SMK;NEGERI;TES;3.67;3.5;3.2;3.02;0;0;3.33;60;82;TIDAK SISIP
f24a3e52c2cdafd1412ce09c4744925e;Sumatera;SMA;SWASTA;RAPORT;3.56;3.56;3.57;3.58;0;0;3.67;63;85;TIDAK SISIP
f694d0e06043a2d2abf7c11c6f8a737f;Kalimantan;SMA;SWASTA;RAPORT;1.39;0.71;0.71;0.71;9;25;0.66;38;38;SISIP
f9d38af3350d5968d3f6f5b564762dd1;Jawa;SMA;NEGERI;RAPORT;3.56;3.63;3.57;3.65;0;0;3.90;63;85;TIDAK SISIP
fe3b5a55cdebce313bfcd7c2ce39e085;Sulawesi;SMA;SWASTA;RAPORT;2.38;1.9;1.85;1.67;7;23;1.58;51;70;SISIP
ff114a8dc6f0583ed75394c4e4db74f5;Jawa;SMA;SWASTA;RAPORT;2.83;3.08;3.19;3.3;0;0;3.48;58;76;TIDAK SISIP
034f5f40da90fbf7233f731c0943aa81;Jawa;SMK;NEGERI;TES;3.56;3.29;3.4;3.44;1;2;3.54;62;82;TIDAK SISIP
038734a89c9ae7762144e720ff4c1a15;Jawa;SMA;SWASTA;RAPORT;3.28;3.3;3.31;3.23;2;6;3.53;64;84;TIDAK SISIP
03a9129cfe15498ffc3f3818e63daed5;Jawa;SMA;SWASTA;RAPORT;4;3.95;3.96;3.97;0;0;4.00;57;79;TIDAK SISIP
04218ddf1de57a76314440f34a681e51;Jawa;SMA;SWASTA;RAPORT;3.83;3.54;3.6;3.54;0;0;3.70;65;89;TIDAK SISIP
052c771c90c836a72e559eb264f28668;Kalimantan;SMA;NEGERI;TES;3.11;3.13;2.96;3.17;0;0;3.37;62;84;TIDAK SISIP
0532073715542881e039eae849ae3b2f;Kalimantan;SMA;SWASTA;RAPORT;2.61;2.61;2.63;2.53;1;2;2.72;59;79;TIDAK SISIP
059a20b283367fa8aea0b6f5404ecac1;Bali & NTT;SMA;NEGERI;RAPORT;0.22;0.39;0.25;0.25;17;49;0.25;55;55;SISIP
07b634f409d802411a1989a029875619;Papua & Maluku;SMA;NEGERI;RAPORT;0.56;0.56;0.56;0.56;4;13;0.56;18;18;SISIP
07dd7527f676228289c9a4261963af24;Jawa;SMA;NEGERI;TES;3.72;3.76;3.76;3.77;0;0;3.80;66;86;TIDAK SISIP
0857f39e853b0ffc0dfc666fb2b0431b;Sumatera;SMA;SWASTA;RAPORT;0.33;0.33;0.33;0.33;6;18;0.33;18;18;SISIP
08b3be2e35f3450643c3e20d6d4ee099;Jawa;SMA;NEGERI;TES;0;0;0;0;6;18;0.00;18;18;SISIP
0a497e57d251a25338520f2f7b892f63;Jawa;SMA;NEGERI;TES;2.89;2.68;2.64;2.7;1;3;3.02;61;82;TIDAK SISIP
0b9afb71ac107bfb49fcd792f663d601;Jawa;SMA;SWASTA;RAPORT;1.17;1.53;0.98;0.98;12;34;0.98;53;53;SISIP
0de5c0f8c2aa5fa2c50c5e190cae6108;Jawa;SMA;SWASTA;TES;3.06;2.92;2.91;2.99;2;5;3.23;57;79;TIDAK SISIP
0f940b79da2508aa73e5bc55f671f4d0;Bali & NTT;SMA;SWASTA;RAPORT;3;2.03;1.67;1.27;9;26;1.53;57;75;SISIP
10398c6c3482ce2b8c9f29b0b1e9111e;Jawa;SMA;NEGERI;RAPORT;3.61;3.53;3.41;3.47;0;0;3.75;59;77;TIDAK SISIP
11c2e272ad67d17d313fbecc734c5737;Kalimantan;SMA;NEGERI;RAPORT;2.39;2.21;2.25;2.36;4;10;2.60;57;77;TIDAK SISIP
120748a0cc2c20d0d5d926fc494e8b76;Bali & NTT;SMA;NEGERI;RAPORT;2.39;1.71;1.7;1.26;9;26;1.56;57;77;SISIP
143772f321dee38b23587df23e70b722;Sulawesi;SMK;SWASTA;RAPORT;3.33;2.92;2.81;2.88;4;11;3.25;62;84;TIDAK SISIP
14eca0aa830637a07403afd289a5bfa2;Jawa;SMA;SWASTA;TES;2.22;1.5;1;0.76;13;37;0.92;57;75;SISIP
151d6d90d933a1b7d7781a0011d25088;Jawa;SMA;NEGERI;RAPORT;1.72;2.03;2.21;2.52;4;10;2.85;57;77;TIDAK SISIP
15435c1d59cff18f582ea0a257c3b380;Jawa;SMA;NEGERI;RAPORT;3.28;3.48;3.33;3.35;0;0;3.58;64;82;TIDAK SISIP
15c2732a18025e9378b6f262ee0f233f;Kalimantan;SMA;SWASTA;RAPORT;3.44;3.49;3.48;3.59;0;0;3.90;64;84;TIDAK SISIP
1a2c8802fa5a8faccada53884187c067;Sumatera;SMA;NEGERI;TES;3.33;3.52;3.7;3.66;0;0;3.80;66;88;TIDAK SISIP
1b2a1f669cb918970c34fc492a1aee2e;Bali & NTT;SMA;NEGERI;TES;3.28;2.53;2.4;2.74;4;11;3.02;57;77;TIDAK SISIP
2046e5c64120a03dc0511190047d3f5a;Bali & NTT;SMA;NEGERI;RAPORT;3.28;3.5;3.22;2.96;2;5;3.20;59;79;TIDAK SISIP
2125d058834b691007b3becd393ed214;Sulawesi;SMA;NEGERI;RAPORT;1;0.87;0.87;0.87;8;22;0.87;30;30;SISIP
21777a2bd6b57064d332e29daba3d6af;Sumatera;SMA;SWASTA;RAPORT;3.5;3.58;3.58;3.61;0;0;3.72;61;82;TIDAK SISIP
225c87df3e080f89bc065e9af1464572;Papua & Maluku;SMK;NEGERI;RAPORT;3.44;3.65;3.44;3.28;0;0;3.56;61;82;TIDAK SISIP
23e57f96b7c3ed8ba70f0f7b89ac6aa9;Jawa;SMA;NEGERI;RAPORT;0;0;0;0;5;16;0.00;18;18;SISIP
28cfae99c5b5332507bd888723aaefa4;Jawa;SMA;SWASTA;RAPORT;3.89;3.79;3.87;3.9;0;0;4.00;60;83;TIDAK SISIP
29f94bba473152ff62c7b1f8de7941fa;Jawa;SMA;SWASTA;TES;2.61;1.68;1.33;1.16;11;32;1.48;57;77;SISIP
2afd9a3303797150429947c0073de0a7;Jawa;SMA;SWASTA;TES;2.67;2.87;2.98;3.15;1;3;3.48;57;81;TIDAK SISIP
2b485e977a5cbf4362f43962db32f4ad;Jawa;SMA;SWASTA;TES;3.72;3.28;3.39;3.25;1;3;3.58;59;81;TIDAK SISIP
2c063bdfec46c2155524894d3f863932;Kalimantan;SMA;NEGERI;RAPORT;3.72;3.63;3.53;3.49;0;0;3.53;59;79;TIDAK SISIP
2c6a120154f291d4baee0cbaa64aa402;Jawa;SMK;SWASTA;TES;3.89;3.75;3.63;3.65;0;0;3.90;62;82;TIDAK SISIP
2d2fb7142c954d5779fc4920339b0b35;Jawa;SMA;NEGERI;TES;3.33;2.71;2.42;2.08;3;10;2.53;57;75;TIDAK SISIP
2d9a24955c4d2d0da8f32c01a1119c35;Jawa;SMA;SWASTA;RAPORT;1.83;1.87;1.95;2.13;6;20;2.52;57;77;TIDAK SISIP
2e4ec876716644ca44b40b207f7c4770;Sumatera;SMA;SWASTA;RAPORT;2.67;2.75;3;3.06;0;0;3.32;62;86;TIDAK SISIP
2f6a0ea05c1781ed8c613be5bbd2424b;Papua & Maluku;SMA;NEGERI;TES;0.83;1.62;1.51;1.84;9;25;2.09;53;73;TIDAK SISIP
30174b644150397a300511339899f5b0;Jawa;SMA;SWASTA;RAPORT;3.61;3.62;3.58;3.64;0;0;3.70;66;84;TIDAK SISIP
30870055b9d0cf891084001d0332a469;Kalimantan;SMK;NEGERI;RAPORT;3.44;3.71;3.77;3.77;0;0;3.85;64;84;TIDAK SISIP
30dfae39f7fe079625c2ee756cc7933f;Sumatera;SMA;NEGERI;TES;3.17;2.97;3;2.94;0;0;3.05;57;79;TIDAK SISIP
313b8d53a2311d1503e7bca67e228ef0;Sumatera;SMK;SWASTA;RAPORT;3.17;2.87;2.9;2.82;0;0;3.08;59;79;TIDAK SISIP
326a24097c886f70e0e4cae8788ccf0e;Kalimantan;SMA;NEGERI;RAPORT;3.44;3.42;3.4;3.48;0;0;3.53;62;82;TIDAK SISIP
3276e4bdac25ffca5aad438549d23afd;Jawa;SMA;NEGERI;RAPORT;4;3.65;3.64;3.68;0;0;3.73;61;81;TIDAK SISIP
32ad76ca5e0fcce784c06b7a15a4ec79;Jawa;SMA;SWASTA;RAPORT;3.44;3.39;3.1;3.1;1;3;3.36;59;79;TIDAK SISIP
32c178b0a984d7622558b1b27ceb780e;Papua & Maluku;SMA;SWASTA;TES;1.83;2.21;1.89;1.97;7;18;2.21;59;79;TIDAK SISIP
34abcbd4be2432cdd5515a064ba0000d;Jawa;SMA;NEGERI;RAPORT;3.61;3.68;3.8;3.8;0;0;3.90;59;79;TIDAK SISIP
352161ddd8a0c9ca18d65879ee74d304;Papua & Maluku;SMA;SWASTA;RAPORT;0.67;0.53;0.92;1.01;12;33;1.23;53;73;SISIP
35f6b3c203b16aae960fb98ce911c2de;Jawa;SMK;SWASTA;TES;3.17;3.45;3.4;3.41;0;0;3.70;60;82;TIDAK SISIP
3719c370eeadaec3192d207a33bba7cb;Papua & Maluku;SMA;NEGERI;TES;2.83;3.22;2.98;2.94;1;3;3.30;61;79;TIDAK SISIP
372cecb8399beb23cae5ccbbb903d7d6;Jawa;SMA;NEGERI;TES;4;3.89;3.93;3.92;0;0;4.00;59;79;TIDAK SISIP
372ecfba54fb53e1375a2ab7ee695eb0;Jawa;SMK;SWASTA;RAPORT;2.53;2.69;2.58;2.74;4;11;3.08;60;80;TIDAK SISIP
3762b19f766ae2c2df8d03d0ffe8ddad;Bali & NTT;SMA;NEGERI;RAPORT;2.28;2.76;2.46;2.43;5;14;2.77;57;77;TIDAK SISIP
3769d5a11b16e9b6033a35468dc0d776;Bali & NTT;SMA;SWASTA;RAPORT;3;3.29;3.34;3.37;0;0;3.57;64;86;TIDAK SISIP
381199a55d547b6b7a4e34cae710637f;Jawa;SMK;NEGERI;RAPORT;3.11;3.57;3.48;3.52;0;0;3.75;64;85;TIDAK SISIP
399608f4c45ba28fd5da68b0874718d5;Jawa;SMK;SWASTA;RAPORT;3.22;3.34;3.45;3.52;0;0;3.90;62;84;TIDAK SISIP
3a0b502ddab0f1fa891db4ffcf756543;Jawa;SMA;NEGERI;TES;1.39;1.95;2.21;2.54;5;13;2.90;57;79;TIDAK SISIP
3a6e5412ad19cb2bfe476002c8f37ef0;Jawa;SMA;NEGERI;RAPORT;4;4;3.97;3.98;0;0;4.00;59;81;TIDAK SISIP
3c1648a4bd43db5190f165f9636380d8;Sulawesi;SMA;SWASTA;RAPORT;1.22;1.41;1;0.86;13;36;0.93;51;68;SISIP
3db1a90acee1a36f63adfe5af43ed1e7;Jawa;SMA;NEGERI;RAPORT;4;3.83;3.79;3.72;0;0;3.85;63;83;TIDAK SISIP
40a3c3e297b9c27f0a67b1acce846387;Sumatera;SMA;NEGERI;RAPORT;1.4;0.94;1.14;1.67;14;36;1.93;56;76;SISIP
4134c62e9816e8fde6d0d86b6089df77;Jawa;SMA;NEGERI;RAPORT;3.33;3.39;3.51;3.59;0;0;3.68;59;81;TIDAK SISIP
4158ff96a4fa7066093c4b77dc1db8b6;Sulawesi;SMA;NEGERI;RAPORT;0.89;0.85;0.74;0.82;15;45;0.94;54;71;SISIP
449da7305def571bff75898b188063d1;Sulawesi;SMA;NEGERI;RAPORT;3.89;3.58;3.54;3.63;0;0;3.68;59;79;TIDAK SISIP
45631ee75c599e2d03b3bfc73578b1ad;Jawa;SMK;SWASTA;RAPORT;3.5;3.53;3.49;3.54;0;0;3.75;59;81;TIDAK SISIP
4c8d6a8bcdccee973bd437462d9c61bc;Papua & Maluku;SMA;NEGERI;RAPORT;3.28;2.89;3;3.13;2;5;3.40;57;77;TIDAK SISIP
4cf5cf4c235c91e566e33e8d7b70bea8;Sulawesi;SMA;SWASTA;RAPORT;2.61;2.05;1.63;1.82;9;25;2.33;57;77;TIDAK SISIP
4ec53b11980ab5a36e4b820d3b2523af;Bali & NTT;SMA;NEGERI;RAPORT;2.5;2.7;2.62;2.74;1;2;2.95;61;83;TIDAK SISIP
513b702f3f80546f8e6497a3fc9652fd;Bali & NTT;SMA;NEGERI;RAPORT;3.78;3.71;3.58;3.6;0;0;3.70;64;84;TIDAK SISIP
51bb91db29936f759409d4b0d6a55f66;Sumatera;SMA;SWASTA;TES;3.61;3.52;3.39;3.27;0;0;3.53;61;82;TIDAK SISIP
5256da22d7ccc4f61a14e5c321f42d20;Jawa;SMA;SWASTA;RAPORT;2.28;2.74;2.69;2.72;4;11;3.08;59;79;TIDAK SISIP
550b4a5603978076cbff6d79312d5d04;Bali & NTT;SMA;SWASTA;RAPORT;0;0;0;0;6;18;0.00;18;18;SISIP
55c738908de4bd011862ad58505efc32;Jawa;SMK;SWASTA;RAPORT;0;0;0;0;6;18;0.00;18;18;SISIP
566b9ff776cac572486c2242ea04f1ad;Jawa;SMA;SWASTA;TES;3.44;3.52;3.45;3.49;0;0;3.75;66;86;TIDAK SISIP
58a95e93b8ddb918719256e8567bef37;Jawa;SMA;SWASTA;RAPORT;3.33;3.34;3.49;3.59;0;0;3.80;59;79;TIDAK SISIP
5f3b247f9e1f16064e036d0ecb76c777;Bali & NTT;SMK;SWASTA;RAPORT;2.78;2.74;2.47;2.48;3;6;2.59;59;79;TIDAK SISIP
60110e1bb41844c84377696054b10d10;Jawa;SMK;NEGERI;TES;3.17;3.05;3.24;3.34;1;3;3.72;63;85;TIDAK SISIP
60b26874039346156d15149c4bafa111;Jawa;SMK;NEGERI;TES;3.06;3.05;3.25;3.2;0;0;3.44;60;80;TIDAK SISIP
63185805325acde3502c7496c619e957;Jawa;SMA;NEGERI;RAPORT;3.28;3.62;3.5;3.51;0;0;3.70;64;82;TIDAK SISIP
631b5dac372264f28a6449546827d51e;Sumatera;SMA;SWASTA;RAPORT;2.06;2.18;2.23;2.41;5;13;2.73;62;84;TIDAK SISIP
635ec76e2789688f15ddf9d10f1e1739;Kalimantan;SMA;SWASTA;RAPORT;3.22;3.19;3.19;3.22;1;3;3.47;62;84;TIDAK SISIP
655fadd83832100e2d1c645cb81a28d3;Jawa;SMA;NEGERI;RAPORT;3.17;3.19;3.21;3.28;0;0;3.66;66;88;TIDAK SISIP
666118536347250fed5848779247dfe1;Jawa;SMA;NEGERI;TES;3.83;3.78;3.8;3.79;0;0;3.80;60;84;TIDAK SISIP
66a81f6de0c2e23f3f7de61fa763c527;Bali & NTT;SMA;NEGERI;TES;3;3.19;3.25;3.28;0;0;3.55;61;82;TIDAK SISIP
676cd8842ad5c352e917caeb41e1c844;Jawa;SMA;NEGERI;RAPORT;0;0;0;0;6;18;0.00;18;18;SISIP
67e0c9fb5cc1a4de5b0d474563a9d6c3;Jawa;SMA;NEGERI;RAPORT;3.83;3.93;3.7;3.68;0;0;3.80;61;81;TIDAK SISIP
68a9986f430b11b6897c551caedfd1bf;Sumatera;SMA;NEGERI;TES;2.61;2.66;2.66;2.66;1;3;2.66;38;38;SISIP
6a2812fea242520721cc6b5c23ca3e7f;Jawa;SMK;NEGERI;TES;1.39;1.79;1.63;1.6;8;20;1.94;57;77;SISIP
6b8809f32cc5785fc49de12d64c7bfdb;Jawa;SMK;NEGERI;RAPORT;2.44;2.85;2.97;3;2;6;3.36;59;83;TIDAK SISIP
6eb29825d1e89c362eb09e9f29af1208;Kalimantan;SMA;NEGERI;RAPORT;3.28;3.25;3.35;3.5;1;2;3.62;63;84;TIDAK SISIP
6f52a8ee93fce124786b159ccefbb275;Jawa;SMA;SWASTA;TES;2.5;2.68;1.79;1.79;8;21;1.79;57;57;SISIP
6fb2dce6c06339de4aeaeca5c3a92106;Kalimantan;SMA;NEGERI;RAPORT;2.72;3.1;3.3;3.41;0;0;3.78;64;86;TIDAK SISIP
740be94a8e31effe0ca284102528ca7b;Kalimantan;SMA;NEGERI;RAPORT;3.06;2.95;2.8;2.76;5;15;2.98;64;84;TIDAK SISIP
74e2dc2a35c9d49cde69e3b73df921f9;Sulawesi;SMA;NEGERI;RAPORT;1.56;0.82;0.6;0.55;15;44;0.53;54;58;SISIP
765855f286019f4ff033d852e0ce68ee;Jawa;SMA;NEGERI;TES;3.78;3.74;3.68;3.6;0;0;3.70;63;81;TIDAK SISIP
776e7b842a3440c5facd3fa7337f23fc;Jawa;SMA;NEGERI;RAPORT;3.28;3.26;3.35;3.49;0;0;3.79;57;77;TIDAK SISIP
783ad1e21efa1374576448a80a08f10a;Kalimantan;SMA;NEGERI;TES;0.61;0.33;0.33;0.33;11;30;0.33;33;33;SISIP
7be620bdee7ed1f643b12212f2b621b2;Jawa;SMA;SWASTA;TES;3.61;3.18;3.38;3.46;1;3;3.84;60;80;TIDAK SISIP
7c71b08d3003c07e677d0e90fba5b353;Sulawesi;SMA;NEGERI;RAPORT;2.89;3.1;3;3.15;0;0;3.51;64;86;TIDAK SISIP
7ca453fd7216692aa62a6f038901c890;Sumatera;SMA;NEGERI;RAPORT;1.06;1.41;1.67;1.67;11;30;1.67;52;52;SISIP
7e2c73c35cd00e65ed0a6c4a360efce7;Kalimantan;SMA;SWASTA;RAPORT;3.44;2.8;2.86;2.77;1;4;3.16;59;79;TIDAK SISIP
7f19ec24a2dea64a969b6b561a2a265b;Sumatera;SMK;SWASTA;TES;2.61;2.7;2.66;2.83;2;6;3.18;64;87;TIDAK SISIP
7f262ba5dfe0fca363c335b6c3b347c3;Papua & Maluku;SMA;NEGERI;RAPORT;2.83;2.82;2.73;2.94;2;5;3.27;60;82;TIDAK SISIP
834ed095d9c687f660d00a694a9c9b79;Jawa;SMA;NEGERI;RAPORT;3.17;2.97;2.88;2.91;2;6;3.26;57;79;TIDAK SISIP
84d299ff55b3f08b3a5c912bfa1a7a91;Jawa;SMA;SWASTA;TES;2.89;2.47;2.47;2.6;2;4;2.77;57;77;TIDAK SISIP
854b2e0180086ac471d215c57329d08d;Sulawesi;SMA;NEGERI;TES;2.78;2.64;2.67;2.66;5;12;2.95;61;81;TIDAK SISIP
8664d9c2c9ce9491f3e22b7afa531a34;Jawa;SMA;SWASTA;RAPORT;2.67;2.29;2.26;2.56;5;12;2.80;57;77;TIDAK SISIP
870d780a67a55d3671c39304b3a0b401;Sumatera;SMA;SWASTA;RAPORT;2.17;2.63;2.82;2.98;2;5;3.38;62;86;TIDAK SISIP
87831b1f6b2a8a8fb40de89e31603c7f;Jawa;SMA;SWASTA;TES;3.11;3.32;3.19;3.32;1;2;3.66;59;79;TIDAK SISIP
89208f870ce8c64c6c49d89a83e43d6b;Sumatera;SMA;NEGERI;TES;0;0;0;0;5;16;0.00;18;18;SISIP
8978df840fb69c08cead57ecec8dcce8;Bali & NTT;SMA;SWASTA;TES;2.56;2.58;2.77;2.86;3;7;3.19;62;86;TIDAK SISIP
89eb608b05ebe0b6dd110ad715609c68;Kalimantan;SMA;NEGERI;RAPORT;3.22;3.28;3.5;3.59;1;3;3.82;61;79;TIDAK SISIP
8a841a130b8dea2efb8fa4447b8056b3;Jawa;SMA;NEGERI;RAPORT;3.67;3.38;3.55;3.56;0;0;3.85;64;85;TIDAK SISIP
8b6bf7c5dcd31d39e4a31bd7b0f4c41a;Kalimantan;SMA;NEGERI;RAPORT;3.72;3.67;3.78;3.81;0;0;3.90;64;84;TIDAK SISIP
8be9771088e1c9e148edb52470ee88d4;Jawa;SMA;NEGERI;RAPORT;3.89;3.61;3.68;3.72;0;0;3.77;57;79;TIDAK SISIP
8c343a89682c63d5f11c60d66314b330;Jawa;SMA;NEGERI;RAPORT;3.72;3.45;3.42;3.51;0;0;3.62;57;79;TIDAK SISIP
8ebf51c682e7164c4fa89c13393ede4d;Jawa;SMA;SWASTA;RAPORT;3.5;3.61;3.47;3.44;0;0;3.48;60;80;TIDAK SISIP
90b9f2253a30b0f81d857b15ac968a0c;Jawa;SMA;NEGERI;TES;2.06;2.29;2.17;2.49;5;14;2.77;57;77;TIDAK SISIP
92a42cd30fd63dac1ad859b538917b57;Jawa;SMA;SWASTA;RAPORT;2.89;2.61;2.54;2.53;2;6;2.79;57;79;TIDAK SISIP
9425fde5fedb706f86d0b9e027250b93;Jawa;SMA;SWASTA;TES;4;3.95;3.81;3.81;0;0;3.85;57;77;TIDAK SISIP
94d260bcd331067827e1bba922cca23e;Kalimantan;SMA;NEGERI;RAPORT;3.33;3.4;3.53;3.65;0;0;3.95;66;88;TIDAK SISIP
95b47b520f35843a72b61b9b0d513c6e;Bali & NTT;SMA;NEGERI;TES;3.78;3.39;3.29;3.4;1;3;3.79;62;86;TIDAK SISIP
99a1aee72feab0594b50fff811db8d35;Jawa;SMK;SWASTA;RAPORT;3.89;3.82;3.69;3.73;0;0;3.90;59;81;TIDAK SISIP
9b478685ae125a6ce2dac7566531f9fc;Kalimantan;SMA;SWASTA;TES;0;0;0;0;6;18;0.00;18;18;SISIP
9b6fc4558e3421e91e8e94983b6c1882;Kalimantan;SMA;SWASTA;RAPORT;0;0;0;0;6;18;0.00;18;18;SISIP
9d742dc4074b74420acfa1557c17ed1e;Bali & NTT;SMA;NEGERI;TES;2.39;2.32;1.89;1.86;4;12;2.23;57;77;TIDAK SISIP
9de7f49115fef82d2b62cea680d2fcb4;Jawa;SMA;NEGERI;TES;3.33;3.58;3.73;3.75;0;0;3.90;60;80;TIDAK SISIP
9e5c97be3ab90590817c209f46504d13;Sumatera;SMA;NEGERI;TES;2.89;3.2;3.16;3.3;0;0;3.56;61;83;TIDAK SISIP
9e7c88116d144994b37ff1ba131fadcc;Sulawesi;SMA;SWASTA;RAPORT;0;0;0;0;6;18;0.00;18;18;SISIP
9ef7e87c738c170f1808c8229794c598;Jawa;SMA;NEGERI;TES;3.28;2.42;2.37;2.52;5;12;2.80;61;83;TIDAK SISIP
a06a8203078f38e94945d2530775dba2;Jawa;SMA;NEGERI;RAPORT;3.83;3.79;3.81;3.84;0;0;3.85;59;81;TIDAK SISIP
a0a8730083121f978d47b9daee4db4b3;Jawa;SMK;SWASTA;RAPORT;2.89;2.84;2.79;2.84;0;0;3.02;57;77;TIDAK SISIP
a14961e4c84a24cac8542a9a3992f5d9;Bali & NTT;SMA;NEGERI;TES;3.72;3.76;3.79;3.75;0;0;3.80;63;81;TIDAK SISIP
a154ef7f03b3713dbba9659a947f4fd3;Kalimantan;SMA;NEGERI;RAPORT;2.89;2.39;2.17;2.5;7;19;2.82;59;79;TIDAK SISIP
a1c41b7e853398a921342da1ef04770e;Bali & NTT;SMA;NEGERI;TES;2.06;1.53;1.53;1.53;6;17;1.53;38;38;SISIP
a4d5f4c100d0f9457aade98040ee8ea1;Sumatera;SMK;SWASTA;RAPORT;3.17;3.13;1.92;1.92;10;27;1.95;62;62;SISIP
a73e2c9f4c3de70d0f20d5145d4940d8;Jawa;SMK;NEGERI;RAPORT;1.87;1.54;1.55;1.85;10;31;2.20;57;77;TIDAK SISIP
a8947ab666559cd7b76bbe073435d711;Jawa;SMA;SWASTA;RAPORT;2.94;3.22;3.2;3.22;1;3;3.67;61;83;TIDAK SISIP
a8ceb8fc30b13dfe2c318b051bf1e609;Jawa;SMK;SWASTA;RAPORT;3.22;3.32;3.31;3.37;0;0;3.66;61;81;TIDAK SISIP
aad29d37f884678bcd7188949af603cd;Jawa;SMK;NEGERI;RAPORT;2.56;2.82;2.93;3.07;1;3;3.37;61;83;TIDAK SISIP
ac5ea01c4639ec657d5a534330cca247;Kalimantan;SMA;SWASTA;RAPORT;3.17;3.32;3.38;3.44;0;0;3.73;61;81;TIDAK SISIP
ad1a8f7e48943d1952e9565039390e85;Jawa;SMK;NEGERI;TES;2.61;2.47;2.35;2.64;4;11;2.92;57;77;TIDAK SISIP
ad81c413089b3efee5d7734d8cfb6c5a;Jawa;SMA;NEGERI;TES;3.22;3.3;3.19;3.18;0;0;3.35;63;84;TIDAK SISIP
b0388921458a4341e9d1db7dd2d5de15;Kalimantan;SMA;NEGERI;RAPORT;3.44;3.47;3.37;3.41;0;0;3.62;60;80;TIDAK SISIP
b0fbe5319d6acc7add01d8c47ff71487;Kalimantan;SMA;SWASTA;RAPORT;3;3.26;3.14;3.23;2;6;3.58;62;82;TIDAK SISIP
b175fe9f650c15f6a82bcfc13e1a8e3e;Jawa;SMA;NEGERI;TES;3.83;3.43;3.28;3.12;2;4;3.38;61;81;TIDAK SISIP
b2043cb82dca454952dff0d7260da0eb;Jawa;SMA;NEGERI;TES;3.17;3.11;2.54;1.95;3;8;2.46;59;77;TIDAK SISIP
b2b1413e36ead2082a5c8e3e4370f0ba;Kalimantan;SMA;NEGERI;TES;3.11;3.5;3.24;3.23;0;0;3.49;62;82;TIDAK SISIP
b3981419f297642f7c205c0df31b7c18;Jawa;SMA;NEGERI;RAPORT;4;3.95;3.97;3.89;0;0;3.95;61;79;TIDAK SISIP
b4224e7e52b121e2b9a0abf65113674c;Jawa;SMA;NEGERI;RAPORT;4;3.92;3.8;3.8;0;0;3.80;61;81;TIDAK SISIP
b47b313c7b083d0457bfd4e5fa488cb0;Bali & NTT;SMA;NEGERI;RAPORT;2.72;2.63;2.44;2.6;1;3;2.79;59;81;TIDAK SISIP
b63d76b0436e12495a71e923e8a9f435;Kalimantan;SMA;NEGERI;TES;3.83;3.6;3.7;3.71;0;0;3.85;64;86;TIDAK SISIP
b6fa97d14906d92383590921f99087ce;Bali & NTT;SMA;SWASTA;RAPORT;3.61;3.67;3.67;3.7;0;0;3.85;66;88;TIDAK SISIP
b7dc559f369cc9dc38cad493632b9fc2;Sumatera;SMA;SWASTA;RAPORT;2.39;2.58;2.49;2.55;4;10;2.93;60;80;TIDAK SISIP
baae3f1aa1d8903d5103b895ba4d4b52;Jawa;SMA;NEGERI;RAPORT;3.28;3.69;3.65;3.68;0;0;3.85;63;84;TIDAK SISIP
bab35d1c157ddc2e6545672ab6999cd4;Jawa;SMA;NEGERI;TES;3.17;3.08;2.97;3.16;0;0;3.46;62;80;TIDAK SISIP
be54b72170166206c0bd75c709f35b85;Kalimantan;SMK;SWASTA;RAPORT;2.69;2.44;2.38;2.39;4;10;2.62;60;82;TIDAK SISIP
be7da93a2f528af09b8fb9f111cbff5d;Papua & Maluku;SMA;NEGERI;TES;3.44;3.44;3.44;3.44;0;0;3.44;18;18;SISIP
bf9e90b24f09f65f1d1cd2b99ac1ecb6;Sulawesi;SMA;NEGERI;RAPORT;2.89;3;2.95;2.94;0;0;3.13;64;82;TIDAK SISIP
c00923f97f1e69e29a2efabec102ced8;Jawa;SMA;NEGERI;RAPORT;3.89;3.68;3.6;3.65;0;0;3.75;62;84;TIDAK SISIP
c068b8595406abeeb48ad9f20f429612;Kalimantan;SMK;SWASTA;RAPORT;2.78;2.95;3.2;3.25;3;8;3.53;57;80;TIDAK SISIP
c0d3d60f995b0fa1c0f800b124fd2c39;Kalimantan;SMK;NEGERI;RAPORT;3.56;3.32;3.3;3.19;0;0;3.46;61;83;TIDAK SISIP
c139087d554c753b8165f56e03d17049;Sumatera;SMA;SWASTA;RAPORT;0;0;0;0;6;18;0.00;18;18;SISIP
c208938f3ac8a90afc5304d24a7f5522;Kalimantan;SMA;NEGERI;RAPORT;2.83;2.74;2.66;2.63;2;5;2.90;59;79;TIDAK SISIP
c2bb854f664f038dcdd9a904c0ad2346;Kalimantan;SMA;SWASTA;RAPORT;2.11;2.16;2.16;2.49;3;10;2.87;59;81;TIDAK SISIP
c2e1710e38abcc3b7f416a68242b99db;Jawa;SMA;SWASTA;RAPORT;2.61;2.76;2.75;2.85;1;2;2.93;59;79;TIDAK SISIP
c4a425ce381ddb758a2ed48903d034ad;Sulawesi;SMA;SWASTA;RAPORT;2.72;2.82;2.89;2.92;1;3;3.20;62;86;TIDAK SISIP
c4e47d06f91e8d55b2682ae26814e834;Jawa;SMK;SWASTA;RAPORT;1.44;2.11;2.2;2.52;7;22;2.80;60;80;TIDAK SISIP
c5678f51d0bf46a08f0d66df6a3228fd;Jawa;SMA;NEGERI;RAPORT;3.67;2.05;2.05;2.05;6;16;2.05;38;38;SISIP
c580590f678b8d7cd572f292289c4d96;Sulawesi;SMA;NEGERI;RAPORT;3.5;1.88;1.88;1.88;7;18;1.88;40;40;SISIP
c705ad17ce35ce5c7a5f70773e4f5412;Jawa;SMA;SWASTA;RAPORT;0;0.07;0.07;0.07;11;30;0.07;30;30;SISIP
c726bba1243ae4c26ea4b877ebde261e;Bali & NTT;SMA;NEGERI;TES;3.28;3.28;3.39;3.48;0;0;3.75;62;82;TIDAK SISIP
c80c8e9cb5da7093509e7bfa6fd028f6;Jawa;SMA;SWASTA;RAPORT;3.83;3.92;3.95;3.91;0;0;3.95;61;81;TIDAK SISIP
c8990323151f5a7914ec91d220d5e06b;Sumatera;SMA;NEGERI;RAPORT;3.28;3.26;3.25;3.21;0;0;3.43;57;77;TIDAK SISIP
cb6ca2ea612bbe6fc25bced12b72a529;Jawa;SMA;SWASTA;RAPORT;4;3.95;3.94;3.91;0;0;4.00;65;87;TIDAK SISIP
cb79608ba22f9c1fed701f6b9e5fc5ef;Sulawesi;SMA;NEGERI;RAPORT;3.61;3.48;3.52;3.58;0;0;3.68;64;84;TIDAK SISIP
cf98c60787988d15a5ebf87a8b95d4e6;Jawa;SMA;SWASTA;TES;3.83;3.84;3.84;3.82;0;0;3.80;57;77;TIDAK SISIP
d2c59bb53f0fd58827e843387f1aea24;Bali & NTT;SMA;SWASTA;RAPORT;3.89;3.81;3.74;3.75;0;0;3.85;66;84;TIDAK SISIP
d346145c4c64ce03ac7e0fbd66d64910;Bali & NTT;SMA;SWASTA;TES;4;3.62;3.62;3.62;0;0;3.62;42;42;SISIP
d4e59cac753ab7332caef6f9baa60361;Sumatera;HOMESCHOOLING;SWASTA;TES;2.89;3.18;3.03;3.15;1;2;3.39;62;80;TIDAK SISIP
d67ec8a9cb31158f325def16161791ca;Jawa;SMA;NEGERI;TES;3.72;3.45;3.54;3.65;0;0;3.68;59;77;TIDAK SISIP
d7c6ed80d9fae555cb89748c835e71a8;Jawa;SMA;NEGERI;RAPORT;3.83;3.88;3.82;3.87;0;0;3.85;62;82;TIDAK SISIP
d8fda39f961e9a7fc19f9d6e504fd66b;Jawa;SMA;SWASTA;RAPORT;3.33;2.87;2.7;2.68;1;2;2.75;59;79;TIDAK SISIP
d90920df121ceec5d2a6b09a2f64f02b;Jawa;SMA;NEGERI;TES;2.22;1.37;0.91;0.91;15;40;0.91;57;57;SISIP
da49c645d23ca4d57ac9b4d6843c10c5;Jawa;SMA;SWASTA;TES;3;3.23;3.11;3.22;0;0;3.49;59;83;TIDAK SISIP
da95eca71979f4fe7c2063521de0fed5;Jawa;SMA;NEGERI;RAPORT;3.56;3.16;3.18;3.18;1;3;3.53;57;79;TIDAK SISIP
db16147d53dcd720d6afb6c1b768e72a;Sulawesi;SMA;SWASTA;RAPORT;2.83;3.05;2.83;2.83;1;3;2.83;59;59;SISIP
dd90857bc78a98cb4a70f18a0ee9bf8f;Kalimantan;SMA;SWASTA;RAPORT;3.89;3.46;3.46;3.53;1;2;3.83;61;79;TIDAK SISIP
dd92abf780d02328dff6ee213e5c005b;Jawa;SMA;NEGERI;TES;2.07;1.52;1.7;1.99;10;26;2.35;57;79;TIDAK SISIP
dfddef14de59f28205e442cacfa0fe6c;Sumatera;SMA;NEGERI;TES;2.89;3.02;2.9;3.09;1;3;3.43;61;79;TIDAK SISIP
e076ffbbdad89d2abdb830e411d01903;Jawa;SMA;SWASTA;TES;1.78;2.21;2.02;2.03;8;24;2.20;54;71;TIDAK SISIP
e100449d9790a378b40b75df643443ac;Jawa;SMK;NEGERI;RAPORT;3.44;3.6;3.43;3.33;1;3;3.62;61;81;TIDAK SISIP
e2e71e5de2b50796ec8cf6238912c533;Sumatera;SMA;NEGERI;TES;2.89;2.98;2.87;3.13;0;0;3.49;61;83;TIDAK SISIP
e30366525f40ca69a2a41257c4ad5fcd;Kalimantan;SMA;NEGERI;TES;3.44;3.55;3.51;3.37;0;0;3.70;61;81;TIDAK SISIP
e36937e26712adf99e4483d34ae6d706;Jawa;SMA;NEGERI;RAPORT;3.39;3.38;3.52;3.62;0;0;3.59;64;86;TIDAK SISIP
e638401e59eae6d6e5a2b9d27d4c6d9b;Papua & Maluku;SMA;NEGERI;RAPORT;3.89;3.89;3.72;3.6;0;0;3.66;39;63;TIDAK SISIP
e700271faf4624e0884d5029c495e3be;Sumatera;SMA;SWASTA;TES;0;0;0;0;6;18;0.00;18;18;SISIP
e80a4990c7f9a2173d7b61f0628a4936;Jawa;SMA;NEGERI;RAPORT;0;0;0;0;6;18;0.00;18;18;SISIP
e8313fc674e6c14ff5319c4144c1d5d5;Jawa;SMA;NEGERI;RAPORT;2.72;2.95;3.02;3.2;0;0;3.40;61;81;TIDAK SISIP
e83c2c8b2d272e2dde62e05c60bf7208;Sumatera;SMA;NEGERI;RAPORT;2.89;3.21;3.16;3.11;0;0;3.33;61;84;TIDAK SISIP
e9ef95bd0e8d242d62f4334fd31fc969;Kalimantan;SMA;NEGERI;RAPORT;3;3.24;3.1;3.23;0;0;3.52;59;79;TIDAK SISIP
eb1a850141938b87918aad8059cd47f4;Papua & Maluku;SMA;NEGERI;TES;3.39;3.33;3.47;3.51;0;0;3.69;64;84;TIDAK SISIP
eb9ed1d1ae545112a61b1f11825c8015;Sumatera;SMA;SWASTA;RAPORT;3.33;3.6;3.56;3.52;0;0;3.65;66;86;TIDAK SISIP
ebbce0411abf3a04198680eb894cde62;Jawa;SMA;SWASTA;RAPORT;4;3.87;3.86;3.81;0;0;3.85;57;77;TIDAK SISIP
ee7716ba94667fc9907b7d076adf8f8f;Sumatera;SMA;SWASTA;TES;2.89;2.84;2.65;2.65;1;3;2.65;57;57;SISIP
ee87797229fc6d7ccd37f9a1eca75799;Bali & NTT;SMA;NEGERI;RAPORT;3.56;3.81;3.82;3.84;0;0;3.85;61;81;TIDAK SISIP
ef41d53e697e687f83bd3e6e52b7e275;Kalimantan;SMA;SWASTA;RAPORT;2.28;2.48;2.26;2.38;6;16;2.80;62;82;TIDAK SISIP
f3bdd7a6f289cc90f13f6662e4d1d309;Sumatera;SMA;SWASTA;RAPORT;0.61;1;1.52;1.57;10;27;1.85;52;72;SISIP
f3f2b25fd0ba802ff386a533bf1e0fdc;Jawa;SMA;SWASTA;TES;3.89;3.81;3.87;3.9;0;0;3.95;61;81;TIDAK SISIP
f420ca982c5a3d12593e0c3cdf7984a6;Sulawesi;SMA;NEGERI;RAPORT;3.44;3.34;3.39;3.47;0;0;3.62;59;81;TIDAK SISIP
f9bc21ca8493256ee14757eeb7096b07;Sulawesi;SMA;NEGERI;RAPORT;3.33;3.27;3.26;3.39;0;0;3.70;65;85;TIDAK SISIP
fa22d02a6772a8a5f57ba3f89b6abfe4;Jawa;SMA;SWASTA;RAPORT;2.17;1.55;1.81;1.34;5;17;1.66;57;77;SISIP
fc208d1bd3f739f4de873263db1d5ecb;Jawa;SMA;NEGERI;TES;2.72;2.58;2.63;2.51;3;8;2.84;57;77;TIDAK SISIP
fdb998d6cfd3e1124a212dac757f8556;Jawa;SMA;NEGERI;RAPORT;3.28;3.13;3.21;3.05;0;0;3.18;57;77;TIDAK SISIP
ff8d4d34b8b45f16542c8af706223529;Kalimantan;SMK;SWASTA;RAPORT;3.89;3.95;3.87;3.88;0;0;3.90;61;81;TIDAK SISIP
00a24491ec9b45ee3f42e57e5c2f53ca;Jawa;SMA;SWASTA;TES;2.75;2.34;2.28;2.5;2;6;2.81;60;80;TIDAK SISIP
00ba339f50ae4fa0af4549427cc93200;Jawa;SMA;SWASTA;RAPORT;3.65;3.49;3.57;3.64;0;0;3.84;60;80;TIDAK SISIP
01ad63a32aeadd18c5973f6b3324ccfd;Kalimantan;SMA;NEGERI;RAPORT;3.4;3.28;3.33;3.35;0;0;3.67;64;84;TIDAK SISIP
03911a9ff32fdae581e81eb187a4f80a;Sumatera;SMA;SWASTA;RAPORT;2.85;2.51;2.57;2.57;2;5;2.62;62;62;TIDAK SISIP
0432c3da773b35e17d6e27964a52e1e2;Sulawesi;SMA;NEGERI;TES;3.25;3;3.02;3.12;1;3;3.49;62;86;TIDAK SISIP
04dc4d3f354537b4825d6533d7d543ba;Kalimantan;SMA;NEGERI;RAPORT;0.25;0.12;0.29;0.28;21;54;0.32;58;78;SISIP
07f57f17671e4c22a8979b0b94b9a8f5;Jawa;SMA;SWASTA;RAPORT;0.5;0.5;0.5;0.5;6;16;0.50;20;20;SISIP
07fd8e9087a2d99d93ba4b4d2186ec87;Kalimantan;SMA;NEGERI;RAPORT;3.1;3.12;3.07;3.21;1;3;3.61;62;84;TIDAK SISIP
0a370e2aa2d45ef4e10b30a8383c80b7;Sumatera;SMA;NEGERI;RAPORT;3.4;2.93;2.93;3.13;2;6;3.63;62;82;TIDAK SISIP
0b31ba7fb41750a8bb4f1825da49bf52;Jawa;SMK;SWASTA;TES;2.6;2.95;2.98;3.1;1;2;3.38;60;80;TIDAK SISIP
0e66e3629e29bec796b2b6b3ae1dd64b;Bali & NTT;SMA;NEGERI;RAPORT;3.15;2.93;3.22;3.36;0;0;3.67;65;87;TIDAK SISIP
0e7ddf17ffd89382020106a9fc317d6e;Jawa;SMA;NEGERI;RAPORT;3.45;3.26;3.29;3.42;0;0;3.74;62;85;TIDAK SISIP
0e7f9c07a610f807f8efec5004ee4c18;Jawa;SMA;NEGERI;RAPORT;2.8;2.75;1.65;1.65;7;16;1.53;43;43;SISIP
0ef9bf5eb8b61fd1346c0d2ce2da27f4;Sumatera;SMA;SWASTA;RAPORT;3.75;3.51;3.57;3.65;0;0;3.66;62;86;TIDAK SISIP
104fccaa6531ce75b1ccfaa3eb2d4c0b;Jawa;SMA;NEGERI;TES;3.75;3.59;3.57;3.59;0;0;3.62;62;84;TIDAK SISIP
10a98403a7b5fc49c26dca7b6901fb4a;Jawa;SMA;NEGERI;TES;2.78;2.38;2.54;2.75;5;13;2.96;62;84;TIDAK SISIP
1128d323a8cb1b7019665096fa3d6a5d;Jawa;SMA;NEGERI;TES;2.35;2.35;2.35;2.35;1;3;2.35;20;20;SISIP
117c4803f65790601acaf806ba593077;Bali & NTT;SMA;SWASTA;RAPORT;3.6;3.42;3.46;3.55;0;0;3.66;64;86;TIDAK SISIP
121c237625f4240523137c4374a04125;Jawa;SMA;SWASTA;TES;2.78;2.56;2.49;2.55;3;8;2.73;62;84;TIDAK SISIP
136d6aa02bad5f02c4335e36ac280b45;Jawa;SMA;SWASTA;RAPORT;0;0;0;0;8;20;0.00;20;20;SISIP
13e9bfabe4028bb41a9470416f9ac82d;Bali & NTT;SMA;SWASTA;TES;0.7;0.56;0.53;0.53;19;51;0.53;60;60;SISIP
1442df937867a0c4bc5814bee5da2f6b;Jawa;SMA;NEGERI;RAPORT;2.06;2.23;2.38;2.63;3;7;3.00;64;86;TIDAK SISIP
1576d95619e4d934639fdcefe9d594c6;Sumatera;SMA;NEGERI;RAPORT;2.75;2.61;2.57;2.67;2;6;3.03;62;84;TIDAK SISIP
1b65bbf1ec82b8d63559a82ec7da43c4;Jawa;SMA;SWASTA;RAPORT;3.15;2.93;2.77;2.69;0;0;2.91;60;80;TIDAK SISIP
1c11b82019d296b6ce1337c77d0fe171;Bali & NTT;SMA;SWASTA;RAPORT;1.95;1.62;1.4;1.02;14;39;1.10;58;78;SISIP
1c62dadc134b600f857649649a85b1c4;Jawa;SMK;NEGERI;TES;1.88;2;2.27;2.57;6;16;3.07;63;85;TIDAK SISIP
1d5d7a5f5cfee4c0347ae5b2ff94ed30;Bali & NTT;SMA;NEGERI;RAPORT;2;1.63;1.71;2.08;9;24;2.53;60;80;TIDAK SISIP
1d619b3636af5a5d42389917c1591f82;Sumatera;SMA;NEGERI;RAPORT;3.75;3.47;3.45;3.52;1;3;3.73;66;89;TIDAK SISIP
1db9a46318724e4d7a6e62245bfb8256;Sumatera;SMA;SWASTA;RAPORT;2.56;2.64;2.64;2.84;4;11;3.10;62;85;TIDAK SISIP
1f0cc3f0585ad6ef6bebb3377d2941d3;Papua & Maluku;SMA;SWASTA;TES;0.7;0.78;0.59;0.59;17;46;0.53;60;60;SISIP
1f97f02bdf300be33897711b05dc6b6b;Jawa;SMA;SWASTA;RAPORT;3.06;2.67;2.85;3.01;0;0;3.30;62;84;TIDAK SISIP
20ce0043d039af8a87c6aae9c171863c;Bali & NTT;SMA;SWASTA;RAPORT;3.65;3.54;3.53;3.57;1;3;3.78;64;87;TIDAK SISIP
21aaadea7c00610c7865aaf5530f304a;Jawa;SMK;SWASTA;RAPORT;2.8;2.95;3.15;3.23;0;0;3.55;62;82;TIDAK SISIP
21c241b166f06ee3c531ad3f72392df6;Jawa;SMA;NEGERI;TES;2.85;2.98;3.15;3.3;0;0;3.58;64;86;TIDAK SISIP
222dacfe6ae8e9d05bee56b03762c6bc;Jawa;SMA;SWASTA;TES;3.5;3.22;3.24;3.3;1;3;3.61;62;86;TIDAK SISIP
22b70a508abe00f9f6911b0bf37df707;Sulawesi;SMA;NEGERI;TES;2.76;2.84;2.89;3.02;2;6;3.33;65;87;TIDAK SISIP
2430953010cae9cfb49b90652efadbb6;Jawa;SMA;NEGERI;RAPORT;3.55;3.44;3.46;3.48;1;2;3.72;66;90;TIDAK SISIP
254e4887f5e2f7042ac95ed644c3e89f;Jawa;SMA;SWASTA;RAPORT;3.75;3.46;3.48;3.52;0;0;3.69;64;86;TIDAK SISIP
25a8170f50176b9be84601efba38bcba;Sumatera;SMA;SWASTA;RAPORT;3.85;3.37;3.47;3.55;0;0;3.76;62;85;TIDAK SISIP
25d79256a417503a952086b5a026d5c7;Sumatera;SMA;SWASTA;RAPORT;0;0;0;0;6;15;0.00;20;20;SISIP
26af3f4882cf0ad37701d387387c1c5d;Jawa;SMA;NEGERI;RAPORT;3.65;3.56;3.57;3.58;0;0;3.72;64;88;TIDAK SISIP
276ed46f41850df104f3dfa805d48841;Sumatera;SMA;NEGERI;TES;3.55;3.37;3.37;3.33;0;0;3.52;63;87;TIDAK SISIP
2ca2b66a7baba7a4cbf6748b0f1de153;Kalimantan;SMA;NEGERI;RAPORT;3.65;3.4;3.27;3.38;1;3;3.57;64;86;TIDAK SISIP
2d8da643f29cf250f9bcb82be162713a;Jawa;SMK;SWASTA;RAPORT;3.6;3.39;3.39;3.48;1;3;3.66;62;86;TIDAK SISIP
2f6b2f00a583ea4e55c4015f1f4e1735;Sulawesi;SMA;NEGERI;RAPORT;3.4;3.07;3.13;3.27;1;3;3.64;64;86;TIDAK SISIP
300aeeb6d76638a9bfa206b8e5b24819;Sumatera;SMA;SWASTA;TES;2.5;2.63;3;3.2;0;0;3.54;60;84;TIDAK SISIP
30236f71be9148bb896de2165bf834c4;Jawa;SMA;NEGERI;RAPORT;2.9;2.88;2.91;2.97;1;3;3.27;62;82;TIDAK SISIP
31d5d627a44a777fc1b6147e02bc2676;Jawa;SMA;SWASTA;RAPORT;3.5;3.32;3.33;3.44;1;3;3.70;62;86;TIDAK SISIP
323dfc4d2bfc2be06bbef4f08c001a64;Jawa;SMA;NEGERI;RAPORT;3.85;3.86;3.85;3.78;0;0;3.79;64;86;TIDAK SISIP
3267bbfe5a611ef25a3d7d288b280554;Sumatera;SMA;NEGERI;TES;3.28;2.78;2.9;3;4;10;3.17;62;84;TIDAK SISIP
32a2806c93d8a5986a8510054f18af1c;Kalimantan;SMA;SWASTA;TES;2.2;1.8;1.3;0.96;13;35;1.23;60;80;SISIP
33ec578542e6b44c058c4d7ec6e5fea9;Jawa;SMA;NEGERI;TES;3.55;3.51;3.62;3.58;0;0;3.77;64;84;TIDAK SISIP
33fa05fabbf03480f0e38902f6fb77e3;Sulawesi;SMA;NEGERI;TES;2.25;2.39;2.7;2.78;2;5;3.10;62;82;TIDAK SISIP
34de40ab45dbfb6c9512deb5fbaa4b98;Jawa;SMA;SWASTA;TES;3.75;3.49;3.57;3.65;0;0;3.75;62;86;TIDAK SISIP
35d12fd745eb2a2e939dadc27116a4f4;Bali & NTT;SMA;SWASTA;RAPORT;2.9;2.32;2.32;2.32;2;5;2.32;25;25;SISIP
35fc7ab9327cc5bfd20cd9af2ebce0ac;Sulawesi;SMA;NEGERI;TES;2.75;2.17;2.34;2.48;4;11;2.80;62;82;TIDAK SISIP
372c6d7b5d8bead7e9d3b8d6765977e4;Jawa;SMA;SWASTA;RAPORT;4;3.93;3.93;3.94;0;0;3.94;64;87;TIDAK SISIP
3a7016f522ca3298eaeedfa3b4764755;Papua & Maluku;SMA;SWASTA;TES;1.9;1.37;1.37;1.37;9;23;1.37;41;41;SISIP
3b841d3816fefcb31a09b649ff9dcf48;Bali & NTT;SMA;SWASTA;TES;2.59;2.34;2.56;2.74;2;6;2.90;60;80;TIDAK SISIP
3d58f34c1c960466d537e06ca391fbfd;Kalimantan;SMK;NEGERI;RAPORT;2.95;3.14;3.28;3.39;0;0;3.75;66;86;TIDAK SISIP
3e630c3b177002cae5b9159791fce743;Sumatera;SMA;SWASTA;TES;3.45;3.05;3.08;3.23;0;0;3.52;64;86;TIDAK SISIP
3eca0f9196919771bc98a8bc4d00c899;Jawa;SMA;NEGERI;TES;3.35;3.07;3.13;3.21;0;0;3.43;64;86;TIDAK SISIP
3f0d47ce87b2447f3b7ad30c42d35b7c;Sumatera;SMK;SWASTA;TES;2.9;2.76;2.89;2.95;0;0;3.19;62;80;TIDAK SISIP
3f3eb4eb21995e00f9db90d81b779ddf;Sumatera;SMK;SWASTA;TES;2.71;2.5;2.64;2.71;2;5;2.86;63;85;TIDAK SISIP
3fdbc22806e7ae7cfa252c412a530200;Jawa;SMA;NEGERI;RAPORT;3.25;3.22;3.35;3.46;0;0;3.63;60;82;TIDAK SISIP
42c3a8a4eb2e17b1baa27a7974f66ebb;Kalimantan;SMA;NEGERI;TES;1.4;1.31;1.02;0.77;16;41;1.00;60;80;SISIP
43ac8589414f584e321d2286ee581509;Kalimantan;SMA;NEGERI;RAPORT;2.9;2.68;2.52;2.54;1;3;2.72;60;80;TIDAK SISIP
43fb4376c081c1a17c83d65b1608bf16;Bali & NTT;SMA;SWASTA;TES;0.7;0.68;0.68;0.68;12;32;0.68;38;38;SISIP
4433f606fade4f73c41bf2d593a12fae;Jawa;SMK;NEGERI;TES;2.95;3.22;3.38;3.49;1;2;3.60;64;87;TIDAK SISIP
455748784c39dea12e68a63b10aa13da;Bali & NTT;SMA;NEGERI;TES;2.8;2.41;2.14;2.28;6;15;2.84;60;80;TIDAK SISIP
46e4b876817dae00c4f678aa5f6b2e6d;Jawa;SMK;SWASTA;TES;3.85;3.54;3.61;3.61;0;0;3.62;62;85;TIDAK SISIP
47c14a5bd54513af1649d530de869963;Bali & NTT;SMA;NEGERI;TES;2.9;2.93;3.17;3.33;0;0;3.64;62;84;TIDAK SISIP
498ecca7bbe85ada911e9e56faef54db;Papua & Maluku;SMK;NEGERI;RAPORT;2.25;2.2;2.25;2.48;6;17;2.90;63;85;TIDAK SISIP
49ab5783ab1b7c43e2aff33117d2f088;Papua & Maluku;SMK;SWASTA;TES;1.17;1.1;1.32;1.79;13;34;2.38;62;82;TIDAK SISIP
49dc5ca48bce5e7bcd355d9bbf9494de;Sumatera;SMA;SWASTA;TES;3.25;3.16;3.23;3.3;0;0;3.60;64;86;TIDAK SISIP
4a63cd77bf6ef1eb79db3a015960d2b5;Kalimantan;SMA;NEGERI;TES;3.3;2.88;3.09;3.25;0;0;3.65;64;86;TIDAK SISIP
4a69fd073ed82307c504548e2f6c0eba;Jawa;SMA;NEGERI;TES;2.4;2.51;2.69;2.88;1;3;3.13;62;84;TIDAK SISIP
4d86d916f938455db61a539742e8ff22;Sumatera;SMA;NEGERI;TES;3.25;3.05;2.9;2.94;1;3;3.25;64;84;TIDAK SISIP
4f3b85e23defbcc60251bfac56ba292e;Kalimantan;SMA;NEGERI;TES;2.9;2.78;2.99;3.17;0;0;3.43;62;84;TIDAK SISIP
4f53055bc417e8ce8a992d093ba418a8;Sumatera;SMA;SWASTA;TES;3.35;3.05;3.1;3.22;0;0;3.48;62;84;TIDAK SISIP
4f865a167fce6d27cd8e6c85c76c0a64;Jawa;SMA;NEGERI;TES;2.85;2.93;3.03;3.27;1;3;3.56;62;86;TIDAK SISIP
52c6740d82fc1adb019fff03fe5d9bf0;Jawa;SMA;NEGERI;TES;3.6;3.41;3.52;3.61;0;0;3.68;62;86;TIDAK SISIP
54f0ea7743eda44e8d7b6b782e518032;Jawa;SMA;NEGERI;TES;3.15;3.02;3.15;3.26;0;0;3.52;64;87;TIDAK SISIP
5508f7687ebda3c490e0a681b9cfa1ae;Kalimantan;SMA;NEGERI;RAPORT;3.9;3.56;3.55;3.53;0;0;3.77;64;86;TIDAK SISIP
55176130dc18ca76d4a1c9d01829da53;Sumatera;SMA;NEGERI;TES;0;0;0;0;8;20;0.00;20;20;SISIP
556ee5e67131555057c2ef897e1b5511;Bali & NTT;SMA;SWASTA;RAPORT;3.75;3.29;3.32;3.4;0;0;3.59;62;84;TIDAK SISIP
57263bacd5d4c334b37ea24915c1274e;Jawa;SMA;SWASTA;RAPORT;3.1;2.85;2.96;3.15;3;8;3.39;64;86;TIDAK SISIP
5740f3bd2139c1c5288790a9dc094b97;Kalimantan;SMA;NEGERI;TES;2.5;1.83;1.32;1.32;11;30;1.25;60;60;SISIP
5845e9846508e151dc992ace974880d9;Bali & NTT;SMA;SWASTA;RAPORT;3.4;3.3;3.39;3.52;0;0;3.77;67;89;TIDAK SISIP
5855084389a019d318206f3a816703e6;Jawa;SMK;SWASTA;RAPORT;2.2;2.05;2.04;1.88;5;14;2.35;60;80;TIDAK SISIP
5a482d58830c706522e18a2f10bb659d;Sumatera;SMA;NEGERI;TES;3;3.1;3.29;3.43;0;0;3.69;64;86;TIDAK SISIP
5e187ff0e51779c3a46b686964278911;Bali & NTT;SMA;NEGERI;TES;2.85;2.61;2.73;2.6;1;3;3.00;62;84;TIDAK SISIP
5ec9613599858b90049d11b91d72c064;Jawa;SMA;SWASTA;RAPORT;3.7;3.59;3.63;3.67;0;0;3.72;62;84;TIDAK SISIP
6012c1ce76bee0e94f6cddbea23e9056;Jawa;SMA;NEGERI;TES;3.15;3.09;3.2;3.29;1;3;3.57;64;84;TIDAK SISIP
60ab29abc474b012be0d234941898b85;Sumatera;SMA;SWASTA;TES;2.95;2.93;3.09;3.17;1;3;3.60;62;84;TIDAK SISIP
60beb74f4ec7cbec9c9c06ac44a25273;Kalimantan;SMA;SWASTA;TES;2.4;2.39;2.55;2.8;3;8;3.09;62;84;TIDAK SISIP
616abb8f97713f558753e2a92a14f1de;Kalimantan;SMA;NEGERI;RAPORT;3.15;2.93;3.08;3.25;1;3;3.57;62;84;TIDAK SISIP
61feb29969eecd322f2cacf714c42b69;Bali & NTT;SMA;SWASTA;TES;2.95;3;3.15;3.27;0;0;3.47;64;86;TIDAK SISIP
633dc2d9b286b3b44f8db7925f97457c;Kalimantan;SMA;SWASTA;RAPORT;3;2.51;2.63;2.92;1;2;3.21;60;80;TIDAK SISIP
64229941ad9f7f4a378e63eaca49a250;Sumatera;SMA;NEGERI;TES;3.05;2.88;2.96;3.08;1;3;3.42;62;84;TIDAK SISIP
662113dc0f006e915a346fcdc40f3f28;Jawa;SMA;SWASTA;RAPORT;4;3.67;3.6;3.51;0;0;3.57;64;86;TIDAK SISIP
671bacca8d11662a9bad7254749c61fc;Jawa;SMA;SWASTA;RAPORT;3.75;3.73;3.81;3.81;0;0;3.92;62;84;TIDAK SISIP
676c2eec0ca866fd1878d50b00c251f4;Sumatera;SMA;SWASTA;TES;3.05;3.3;3.43;3.51;0;0;3.69;66;86;TIDAK SISIP
692ceb7e03cc4fe2657399c203e571b0;Bali & NTT;HOMESCHOOLING;SWASTA;TES;2.15;2.05;1.56;1.56;9;24;1.40;60;60;SISIP
6a3e2ddf92948f6fa21b1e32093cdcbf;Jawa;SMA;NEGERI;TES;2.72;2.33;2.59;2.78;4;11;3.04;62;85;TIDAK SISIP
6a73a53385f03789215d3a4f9985b2fd;Sumatera;SMA;SWASTA;RAPORT;0;0.12;0.09;0.06;19;49;0.05;61;81;SISIP
6ab3ec88d0ab93e322ead8c9cf11ecb3;Jawa;SMA;NEGERI;RAPORT;3.5;3.34;3.56;3.64;0;0;3.79;65;87;TIDAK SISIP
6b313aa8143145b77cab4db0001ef691;Kalimantan;SMA;SWASTA;RAPORT;2.2;2.24;2.55;2.76;4;11;3.24;62;84;TIDAK SISIP
6c00d718c115372c0b43ee19ec78aeba;Kalimantan;SMA;SWASTA;TES;3.25;3.12;3.32;3.46;0;0;3.61;62;84;TIDAK SISIP
6cb10cd1e6e7d9fd4797dd636e69b57b;Papua & Maluku;SMA;SWASTA;TES;3.5;3.6;3.61;3.67;0;0;3.72;66;86;TIDAK SISIP
6cfdb6f8768b507df5cdce3a602210e2;Jawa;SMK;NEGERI;RAPORT;3.65;3.71;3.69;3.72;0;0;3.76;64;86;TIDAK SISIP
6e7bd6f1c46edc20aeddf0285980cf20;Bali & NTT;SMA;SWASTA;TES;1.35;1.46;1.34;1.34;14;35;1.34;60;60;SISIP
6ee9e3b88e8498b08249351b276ef75d;Jawa;SMA;NEGERI;RAPORT;3;2.91;3.03;3.25;1;3;3.60;62;82;TIDAK SISIP
6f549474b0456ac9feee1dd115071edb;Sulawesi;SMA;NEGERI;RAPORT;2.85;3.05;3.17;3.35;0;0;3.70;64;86;TIDAK SISIP
71aeeadef29fc77089125e4d90ee04a3;Jawa;SMA;NEGERI;TES;3.11;2.97;3.05;3.23;2;5;3.49;62;86;TIDAK SISIP
71f51b0023c9861510043959f2d7925d;Sumatera;SMA;NEGERI;RAPORT;3.65;3.7;3.73;3.73;0;0;3.75;66;89;TIDAK SISIP
722dbb9c14643748d77a009aa346bbf2;Kalimantan;SMA;NEGERI;TES;3.35;3.17;3.1;3.2;2;5;3.46;64;86;TIDAK SISIP
734820f1896aab73fe22f66d287e599c;Jawa;SMA;SWASTA;TES;2.22;2.05;2.29;2.47;5;13;2.90;60;80;TIDAK SISIP
74a5d37d4ba8e2f8ffe66310e7f094e6;Jawa;SMA;SWASTA;RAPORT;2.85;3.15;3.22;3.31;0;0;3.45;62;86;TIDAK SISIP
774e7400aee21f3e63269cd1c42c1da6;Jawa;SMK;NEGERI;RAPORT;3.9;3.71;3.74;3.74;0;0;3.81;64;87;TIDAK SISIP
77d3bb539990a4a4ee0337848f9a42f4;Sulawesi;SMA;SWASTA;RAPORT;3.2;3.14;3.17;3.32;0;0;3.65;66;86;TIDAK SISIP
7b47eef7071a8bd07dcb0527925dd50c;Jawa;SMA;SWASTA;RAPORT;1.8;1.66;1.5;1.75;11;30;2.33;60;82;TIDAK SISIP
7c05cccaae09cd3d81e409821b2f2efe;Bali & NTT;SMA;SWASTA;TES;2.9;2.8;2.96;3.12;1;3;3.32;64;87;TIDAK SISIP
7c57732fae50c85a453a5f27f2ddba48;Jawa;SMK;SWASTA;TES;2.95;2.95;3.01;3.17;2;6;3.48;63;85;TIDAK SISIP
7f1ee00ea7ffcb7aa912e91df55e1316;Bali & NTT;SMA;NEGERI;TES;3.1;2.88;2.82;2.96;2;6;3.26;62;82;TIDAK SISIP
7ff0008b5ce508fcab0f66cafe598141;Jawa;SMA;SWASTA;RAPORT;2.7;2.23;2.38;2.61;4;11;2.97;60;80;TIDAK SISIP
812a44706f67290396709692deaa6c4c;Jawa;SMA;NEGERI;RAPORT;3.65;3.6;3.7;3.71;0;0;3.81;66;89;TIDAK SISIP
8467e8b403a30495df943cd35b563564;Jawa;SMA;SWASTA;TES;3.1;2.7;2.78;2.9;1;3;3.17;64;86;TIDAK SISIP
863e695169a30a582058f4987cea5ca5;Jawa;SMA;NEGERI;RAPORT;2.55;2.71;2.87;2.86;0;0;3.12;60;80;TIDAK SISIP
86c6050e4eea906307035d46c3b15e5d;Bali & NTT;SMA;SWASTA;RAPORT;3.5;3.19;3.18;3.32;0;0;3.41;64;86;TIDAK SISIP
8768d516536ee310c8b7e77d1f831438;Sumatera;SMA;SWASTA;RAPORT;3.85;3.37;3.52;3.62;0;0;3.82;62;84;TIDAK SISIP
876be7c496f42f438e7b752185f54a42;Jawa;SMK;SWASTA;TES;0.6;0.37;0.37;0.37;14;37;0.37;41;41;SISIP
88756667c58d3088793f572bcb5aec79;Sumatera;SMA;SWASTA;TES;3.6;3.54;3.61;3.64;0;0;3.65;64;86;TIDAK SISIP
88c942cfb64f6f9c9859be1009e64188;Sumatera;SMA;NEGERI;RAPORT;4;3.93;3.9;3.83;0;0;3.85;64;87;TIDAK SISIP
89d6cd29a06290803e352580d5fa6ebd;Jawa;SMK;NEGERI;TES;2.17;1.77;1.76;2.17;9;26;2.53;60;80;TIDAK SISIP
8aba2caf4daba4570912811f85832edf;Jawa;SMA;SWASTA;RAPORT;3.9;3.7;3.75;3.81;0;0;3.92;66;86;TIDAK SISIP
8c856a04fdf48d2a5715e62eba211f95;Jawa;SMK;NEGERI;RAPORT;2.9;3.12;3.24;3.14;0;0;3.44;60;83;TIDAK SISIP
8e723d0a2e58e2f0624bbe49b43d0bac;Jawa;SMA;NEGERI;RAPORT;2.75;2.83;3;3.1;1;3;3.46;62;84;TIDAK SISIP
8f1217554f7736e18c36690ab4f8c3d7;Kalimantan;SMA;SWASTA;RAPORT;3;2.74;2.6;2.34;4;10;2.91;62;80;TIDAK SISIP
8fc58966a7a508f5ef9e60e957dcb065;Jawa;SMA;NEGERI;RAPORT;3.75;3.51;3.66;3.68;0;0;3.69;64;87;TIDAK SISIP
90189158e0d1ed7de2aeee40fa840a15;Jawa;SMA;SWASTA;RAPORT;3.45;3.32;3.3;3.3;0;0;3.49;62;84;TIDAK SISIP
926f5ae1aa2088a452e79cdeee7e3353;Sumatera;SMA;NEGERI;RAPORT;1.45;1.63;1.35;1.55;12;34;1.99;60;82;SISIP
93d41db98f35947df0a2b66c8c3965db;Sumatera;SMA;SWASTA;TES;3.15;3;3.12;3.3;0;0;3.50;64;86;TIDAK SISIP
9431963aa3b5aca6ed315722e9bba701;Kalimantan;SMA;SWASTA;TES;3.1;3.07;3.21;3.2;2;6;3.51;60;82;TIDAK SISIP
969a09a193666f12a26b300e74ce4ceb;Jawa;SMK;SWASTA;RAPORT;3.28;3.38;3.33;3.43;1;2;3.62;64;88;TIDAK SISIP
9825f1483e5389b87fbfc756abfc4d1e;Jawa;SMA;NEGERI;TES;2.4;2.1;2.44;2.65;4;10;3.05;60;82;TIDAK SISIP
986aa3c908ac90ea099eccd8414794c8;Jawa;SMA;NEGERI;TES;3.7;3.8;3.83;3.78;1;2;3.77;64;87;TIDAK SISIP
996943549567f149d89de0cfe86c0b35;Jawa;SMK;NEGERI;RAPORT;2.67;2.3;2.52;2.75;5;13;2.98;62;84;TIDAK SISIP
99d0ab463c71b1567ca939f9f9fefb9f;Sulawesi;SMA;NEGERI;RAPORT;3.2;2.95;3.01;3.2;3;8;3.68;64;86;TIDAK SISIP
9a17e638cb5154b25018f81eb33ae070;Bali & NTT;SMA;NEGERI;RAPORT;0.15;0.18;0.23;0.23;21;55;0.23;57;57;SISIP
9d55293cc4972bcce56fec486695b05b;Bali & NTT;SMK;NEGERI;TES;2.94;3;3.03;3.16;2;5;3.39;62;84;TIDAK SISIP
a02ffdb397f152e0c3fbfae22f57ff15;Sumatera;SMA;NEGERI;RAPORT;3.65;3.44;3.6;3.65;0;0;3.77;66;88;TIDAK SISIP
a1220bf53c0034c0d42761e311d3fd92;Jawa;SMK;SWASTA;RAPORT;2.75;2.63;2.9;2.99;1;3;3.33;62;82;TIDAK SISIP
a198b4ace722afca9db32c9a8ef55a69;Bali & NTT;SMK;SWASTA;RAPORT;3.25;3.14;3.21;3.35;1;3;3.68;62;84;TIDAK SISIP
a295729e817082660f9b0405ef82cc5a;Jawa;SMA;SWASTA;TES;3.35;2.9;3.13;3.27;0;0;3.58;62;84;TIDAK SISIP
a29fef1c426fdffb8e1984fbfad62285;Jawa;SMA;NEGERI;RAPORT;3.85;3.82;3.81;3.83;0;0;3.87;65;83;TIDAK SISIP
a2aa5f5503e2a507197ea2911eeaf52d;Sumatera;SMA;NEGERI;TES;2.9;3.1;3.2;3.33;0;0;3.61;62;84;TIDAK SISIP
a3837ff87e62c738d0500eb852c30a79;Jawa;SMA;SWASTA;TES;4;3.73;3.74;3.76;0;0;3.82;62;82;TIDAK SISIP
a58919d508d0f3613544bab856e659d0;Sulawesi;SMA;NEGERI;TES;2.65;2.56;2.82;3.01;1;2;3.27;62;84;TIDAK SISIP
a603e397db73b927fbfda065f93b40f4;Bali & NTT;SMK;NEGERI;TES;3.3;2.85;2.92;3.09;2;6;3.48;62;86;TIDAK SISIP
a7876b093d1cfbacd8e40f22b3166857;Sumatera;SMA;SWASTA;RAPORT;0.3;0.15;0.11;0.11;21;55;0.10;60;60;SISIP
a7ccc1e787e4a3f26b5ecaa2f34d3764;Bali & NTT;SMK;SWASTA;TES;2.05;1.59;1.49;1.13;11;29;1.37;56;74;SISIP
a94af9fa612aa6e86887e45593256b96;Jawa;SMA;SWASTA;RAPORT;2.85;2.71;2.85;3.06;0;0;3.36;62;84;TIDAK SISIP
aa01207e7f9ed300f5f5da36eab395f1;Jawa;SMK;SWASTA;RAPORT;0;0;0;0;8;20;0.00;20;20;SISIP
abc4747429ce5c2f67ba6edfeb37515b;Sumatera;SMA;SWASTA;RAPORT;2.6;2.54;1.78;1.78;8;22;1.81;62;62;SISIP
ac7c28d17c64ec9e3721ae0aadaa21a0;Jawa;SMA;NEGERI;TES;0;0;0;0;8;20;0.00;20;20;SISIP
ad896d771f3c5bba3b16f6f4af5bf02e;Bali & NTT;SMA;NEGERI;TES;2.95;2.8;2.88;3.09;2;6;3.54;62;86;TIDAK SISIP
adfef6abae862dacc2f398128a15b554;Jawa;SMA;NEGERI;TES;1.6;2.24;2.65;2.83;3;8;3.34;62;84;TIDAK SISIP
ae108aca81dcbc55fa26eb26abf7a6a5;Kalimantan;SMK;SWASTA;RAPORT;3.85;3.29;3.33;3.39;1;3;3.56;62;83;TIDAK SISIP
aef50ea53b999f1b1a8d638270ba05bb;Bali & NTT;SMA;NEGERI;TES;3.05;2.98;3.17;3.31;0;0;3.54;63;87;TIDAK SISIP
b4b00733d4add6ade81666839575be8d;Jawa;SMA;NEGERI;RAPORT;3.1;2.88;2.97;2.95;2;6;3.18;64;86;TIDAK SISIP
b800eb8870813aaf15aba76892da2371;Jawa;SMK;NEGERI;TES;2.8;2.71;2.8;2.99;3;9;3.30;63;85;TIDAK SISIP
be79e65094b5f36d723e8cb9193685b1;Bali & NTT;SMA;SWASTA;RAPORT;2.2;1.81;1.72;2.17;12;32;2.60;60;80;TIDAK SISIP
bea400431c4fb8c345785c9c731e746a;Bali & NTT;SMA;NEGERI;RAPORT;2.95;3;3.2;3.32;0;0;3.48;65;88;TIDAK SISIP
bff19d8ee8b20f714444378c5cbbdb71;Kalimantan;SMA;NEGERI;TES;0.4;0.4;0.4;0.4;7;18;0.40;20;20;SISIP
c060c26edd2894823c714430225c03d3;Bali & NTT;SMA;SWASTA;RAPORT;3.75;3.61;3.7;3.69;0;0;3.82;62;82;TIDAK SISIP
c13788a4fcbecd375b3d0ace5cd13bbe;Jawa;SMK;SWASTA;RAPORT;3.25;3.1;3.21;3.29;0;0;3.51;62;84;TIDAK SISIP
c32c6bf5dbc19ab132ae8db0d4391962;Jawa;SMA;SWASTA;TES;2.5;2.61;2.52;2.67;1;3;2.87;60;80;TIDAK SISIP
c497eb3594d6dde77c49654c008b8ff6;Jawa;SMA;SWASTA;RAPORT;3.19;3;3.08;3.22;2;4;3.51;64;84;TIDAK SISIP
c7c23ffae79fb2009611570da72257d8;Bali & NTT;SMA;SWASTA;RAPORT;3.6;3.28;3.34;3.4;0;0;3.63;64;87;TIDAK SISIP
cc7ec2f21386646f52c45f43bbcbd226;Jawa;SMA;NEGERI;TES;3.6;3.61;3.67;3.75;0;0;3.74;64;86;TIDAK SISIP
ce286ffaf1b9c3297fecd10e28a03e55;Sumatera;SMA;SWASTA;TES;0.53;0.33;0.24;0.24;20;51;0.20;61;61;SISIP
d0fb4cc9ad853629a251e7635652f771;Bali & NTT;SMK;SWASTA;RAPORT;2.29;2.26;2.51;2.74;4;10;3.06;63;85;TIDAK SISIP
d2de9d7fa2251424897cbda598a11e99;Jawa;SMA;SWASTA;TES;2.85;2.76;2.81;2.97;1;3;3.14;60;83;TIDAK SISIP
d545c0bc40dea7421fec4c0db0d09345;Kalimantan;SMA;NEGERI;RAPORT;3.2;2.88;3.23;3.33;0;0;3.74;62;84;TIDAK SISIP
d5907656150617f13221b478c26abd0d;Bali & NTT;SMA;SWASTA;TES;3.35;2.95;2.9;3.05;1;3;3.32;62;82;TIDAK SISIP
d59888cf18f4ce855d96e6df7df6090f;Bali & NTT;SMK;SWASTA;RAPORT;2.89;2.51;2.54;2.76;4;10;3.20;62;84;TIDAK SISIP
d696662532e00180356195ac935e83d0;Jawa;SMK;NEGERI;RAPORT;3.05;3.07;3.05;3.23;1;3;3.55;64;84;TIDAK SISIP
d6f5d5d5c86aa7a8e8c9449ecce64648;Jawa;SMA;SWASTA;TES;2.6;2.56;2.59;2.49;4;11;2.99;62;84;TIDAK SISIP
d71c1a4637ca889ba21fc96ca8e0e37f;Sumatera;SMA;SWASTA;RAPORT;0.3;0.15;0.15;0.15;15;39;0.15;41;41;SISIP
d782ab64e0403b400dd1169520d4ac36;Jawa;SMA;SWASTA;RAPORT;2.85;2.98;2.89;3.02;0;0;3.22;60;80;TIDAK SISIP
d87193d4790eb7084f48d5834f33f161;Bali & NTT;SMA;NEGERI;TES;3.45;3.14;3.25;3.37;1;3;3.75;66;86;TIDAK SISIP
dad76877fff631b2c9c03b8b789d0a1f;Sulawesi;SMA;NEGERI;RAPORT;2.22;1.49;1.74;2.14;10;27;2.66;60;80;TIDAK SISIP
dc1ed53985c4cd8e7896f3b51f51d76b;Bali & NTT;SMA;NEGERI;RAPORT;3;2.83;3.07;3.16;0;0;3.43;62;82;TIDAK SISIP
ddac3a2c3ea211e4bded54ce17465ca5;Jawa;SMA;SWASTA;TES;2.25;1.98;2.2;2.52;5;13;2.88;60;82;TIDAK SISIP
de26e709d35e10861e6339b3aa7526cf;Sumatera;SMA;NEGERI;TES;0;0;0;0;8;20;0.00;20;20;SISIP
de6c4f7c6f4dddbd392eea0850e85d86;Jawa;SMA;NEGERI;TES;3;2.97;3.12;3.29;0;0;3.62;62;84;TIDAK SISIP
deac0dd9aa239e996827af4fc6befccb;Sumatera;SMA;NEGERI;RAPORT;3.2;2.8;2.99;3.04;0;0;3.30;62;84;TIDAK SISIP
e0106315e3d8887eb4cfffa3239ee67c;Jawa;SMK;SWASTA;TES;3.25;3.17;3.33;3.41;0;0;3.61;62;82;TIDAK SISIP
e02129fbb3cc5e8bc6395032caacc181;Sumatera;SMA;SWASTA;TES;3.5;3.44;3.52;3.5;0;0;3.69;64;86;TIDAK SISIP
e2ca10fb0ab3a0523d04f286851caf8d;Sumatera;SMA;SWASTA;RAPORT;3.1;3.08;3.22;3.32;1;3;3.59;64;87;TIDAK SISIP
e3351a3f8eb89fb9f8d9c37998656a48;Jawa;SMA;SWASTA;TES;2.95;2.71;2.76;2.97;2;5;3.35;62;84;TIDAK SISIP
e38354bafdb1d89f70141c022d005c92;Jawa;SMA;SWASTA;TES;2.95;2.95;2.95;2.95;1;3;2.95;20;20;SISIP
e3d2a2b80e36c20c211fb3fcd9f5844e;Jawa;SMA;NEGERI;TES;3.24;3.18;3.32;3.38;1;3;3.58;60;80;TIDAK SISIP
e66586c7d210dfd8830b100e171b6166;Jawa;SMA;NEGERI;RAPORT;4;3.91;3.94;3.94;0;0;3.99;66;89;TIDAK SISIP
e683f52d01c892e6ebb111e684926e30;Jawa;SMA;NEGERI;TES;1.18;0.89;0.93;1.3;14;36;1.64;60;80;SISIP
e88289056ca285a7d1b6d4a135e638a6;Jawa;SMA;SWASTA;RAPORT;3.55;3.23;3.37;3.39;0;0;3.65;64;85;TIDAK SISIP
eabebafdd086c7c88951d6b005a29238;Bali & NTT;SMA;NEGERI;RAPORT;1.72;1;0.72;0.72;18;46;0.65;60;60;SISIP
eb99de3c4bb35a9ef38b2f6b007ecdec;Bali & NTT;SMA;NEGERI;TES;1.85;1.29;0.98;0.98;14;38;0.88;60;60;SISIP
ecbc4cbb6f4a3d0b0e22af431e7267a9;Jawa;SMA;SWASTA;RAPORT;2.81;2.75;3.04;3.25;0;0;3.67;70;92;TIDAK SISIP
f0414f9e2e15258adfe718e707eae08b;Sumatera;SMA;SWASTA;RAPORT;2.55;2.61;2.55;2.63;3;9;2.91;62;83;TIDAK SISIP
f082bb9d78100f7d999bd263d886149b;Jawa;SMA;NEGERI;TES;1.4;1.15;0.78;0.78;16;43;0.78;60;60;SISIP
f13c6aeb00b0461ab648aa88ec5794a3;Jawa;SMA;SWASTA;TES;0.4;0.2;0.2;0.2;14;37;0.20;41;41;SISIP
f188711601223cdc7d86778904480aee;Kalimantan;SMA;SWASTA;TES;3.4;3.37;3.47;3.6;0;0;3.70;62;84;TIDAK SISIP
f2ea917e0c6f6461d80355ac23917ab5;Sumatera;SMA;NEGERI;TES;1.55;0.76;0.76;0.76;12;30;0.76;41;41;SISIP
f3152ef7c2a4bc1b17e15a9612877ef2;Jawa;SMK;SWASTA;RAPORT;2.54;1.26;0.91;0.66;18;43;0.72;60;80;SISIP
f3183a8aed7a799876aaa56a5ce942df;Kalimantan;SMK;SWASTA;TES;0.5;0.29;0.29;0.2;15;39;0.20;41;61;SISIP
f682b8cc30f24ef681052a629fd882fb;Papua & Maluku;SMA;NEGERI;TES;2.65;2.46;2.61;2.79;4;11;3.17;62;84;TIDAK SISIP
f8f17f4ca820bc0dedb8ec1575a447df;Jawa;SMK;SWASTA;RAPORT;3.25;3.14;3.12;3.28;1;3;3.64;64;84;TIDAK SISIP
f9b871bc279e19d9fa98edd0f2c88fe4;Bali & NTT;SMA;NEGERI;RAPORT;3.65;3.47;3.56;3.63;0;0;3.72;67;89;TIDAK SISIP
fb13420b1efa7ddd744d5a6470d8aaad;Sumatera;SMA;NEGERI;TES;2.8;3.07;3.19;3.35;0;0;3.61;62;84;TIDAK SISIP
fc249d0db736671ee6af93276948c218;Sumatera;SMA;NEGERI;TES;3.15;3.28;3.11;3.21;0;0;3.53;66;86;TIDAK SISIP
fd1201411c08a3010a48b042defb15d7;Jawa;SMA;NEGERI;TES;3.15;3.23;3.45;3.55;0;0;3.81;64;82;TIDAK SISIP
fd544bcf1ff1264012ed003d6f2f1f6b;Papua & Maluku;SMA;SWASTA;RAPORT;0.53;0.5;0.39;0.39;19;46;0.39;57;57;SISIP
fd9417b7466af4446a91e090bfb363cd;Jawa;SMA;NEGERI;RAPORT;3.35;3.26;3.12;3.2;1;3;3.60;66;86;TIDAK SISIP
ff65691ec409664b9c1317618b9c4ccb;Jawa;SMK;SWASTA;TES;3.05;3.05;2.39;1.84;5;15;2.39;60;80;TIDAK SISIP
